:020000040000FA
:1000000000010000000000002FDA000020220100A3
:1000100000760200E7000000D6C9AAA8AFACFE64D3
:1000200000000000C011692814000000000000005A
:1000300000B80200FF07000000A001006AE62ECD14
:10004000004E0200FF130000004801008C138AB725
:1000500000000000000000000000000000000000A0
:100060000000000000000000000000000000000090
:100070000000000000000000000000000000000080
:100080000000000000000000000000000000000070
:100090000000000000000000000000000000000060
:1000A0000000000000000000000000000000000050
:1000B0000000000000000000000000000000000040
:1000C0000000000000000000000000000000000030
:1000D0000000000000000000000000000000000020
:1000E0000000000000000000000000000000000010
:1000F000704C0200FF00000000000000752C80E63C
:10010000480001EA400000094000000940000009E1
:100110003AFFBFFC3A0FA83C4400000148000190A0
:100120003AFFBFFC3A0FA83C440000024800018897
:100130003AFFBFFC3A0FA83C44000003480001808E
:100140003AFFBFFC3A0FA83C440000044800017885
:100150003AFFBFFC3A0FA83C44000005480001707C
:100160003AFFBFFC3A0FA83C440000064800016873
:100170003AFFBFFC3A0FA83C44000007480001606A
:10018000480000004000000940000009400000094C
:100190003AFFBCBC3A0F943C440000004800017197
:1001A0003AFFBCBC3A0F943C440000014800017483
:1001B0003AFFBCBC3A0F943C440000024800016C7A
:1001C0003AFFBCBC3A0F943C44000003480001597C
:1001D0003AFFBCBC3A0F943C440000044800015C68
:1001E0003AFFBCBC3A0F943C44000005480001496A
:1001F0003AFFBCBC3A0F943C440000064800014161
:100200003AFFBCBC3A0F943C440000074800013957
:100210003AFFBCBC3A0F943C44000008480001314E
:100220003AFFBCBC3A0F943C440000094800012945
:100230003AFFBCBC3A0F943C4400000A480001213C
:100240003AFFBCBC3A0F943C4400000B4800011933
:100250003AFFBCBC3A0F943C4400000C480001112A
:100260003AFFBCBC3A0F943C4400000D4800010921
:100270003AFFBCBC3A0F943C4400000E4800010118
:100280003AFFBCBC3A0F943C4400000F4800010404
:100290003AFFBCBC3A0F943C44000010480000FCFC
:1002A0003AFFBCBC3A0F943C44000011480000E9FE
:1002B0003AFFBCBC3A0F943C44000012480000E1F5
:1002C0003AFFBCBC3A0F943C44000013480000D9EC
:1002D0003AFFBCBC3A0F943C44000014480000DCD8
:1002E0003AFFBCBC3A0F943C44000015480000D4CF
:1002F0003AFFBCBC3A0F943C44000016480000C1D1
:100300003AFFBCBC3A0F943C44000017480000B9C7
:100310003AFFBCBC3A0F943C44000018480000B1BE
:100320003AFFBCBC3A0F943C44000019480000A9B5
:100330003AFFBCBC3A0F943C4400001A480000A1AC
:100340003AFFBCBC3A0F943C4400001B48000099A3
:100350003AFFBCBC3A0F943C4400001C480000919A
:100360003AFFBCBC3A0F943C4400001D4800008991
:100370003AFFBCBC3A0F943C4400001E4800008188
:100380003AFFBCBC3A0F943C4400001F480000797F
:1003900090BD000090BD0000EABD0000DAC500007D
:1003A000DAC50000DAC50000DAC50000DAC50000D1
:1003B000DAC50000DAC500000000000094C00000AB
:1003C0009CC0000014C100009CC10000DCC1000002
:1003D00022C2000084C20000AEC20000B6C200000B
:1003E000BEC20000C6C20000CEC20000E8C20000CB
:1003F000F0C2000004C300001EC30000F0C30000F0
:10040000FCC300004CC4000054C400009CC40000A5
:10041000A4C40000BEC40000E4C4000026C500005F
:1004200044C500004CC5000092C500009AC50000FC
:100430009CC50000CAC50000D2C500006412A40219
:10044000642204023A1F883C803F442002983821ED
:100450000202643200029ED964320003DD2264028B
:100460000043640000083A1F88046412A403642255
:1004700004033A0FA8043AFFBFC4640000044420F8
:1004800002BC38210202DD223A0F94043AFFBC84F8
:10049000640000046412A402642204023A1F883C2F
:1004A000442002BC38210202643200029ED9643228
:1004B0000003DD2264020043640000083A1F880440
:1004C0006412A403642204033A0F94043AFFBC8428
:1004D000640000044FF2001D3A0FA83C3AFFBFFC35
:1004E00045D28F60801F64126402965F9E49C105E9
:1004F0003CFD5CCC480000043CFD5CCDE809DD2FF0
:10050000C8073AFFBFC43A0FA8046400000464029D
:100510002402441F3FFFFE0E5800400064022403E3
:100520006400000845D28F6045F2B80044F0BD4A2F
:100530004EF20003DD2F3CFD5CCEDD2F640FFFEAA1
:10054000FC4080C184203E17FEFA842081223C1B9F
:10055000FF7C3C2DFABC3C1DFABB80E381044900C2
:100560002A422E0028A22E1028A349002A5A5CF401
:1005700081008009E903440000FF960149002A64D4
:1005800044A2B98485202E002A34E320E80D081502
:100590000001800949002A6580090015000749000B
:1005A0002A688D21D5F1840049002A5249002A2861
:1005B000840149002A4D49002A235A8801078402F0
:1005C00049002A4649002A1C840349002A4149005F
:1005D0002A1749002A35AE3884618400A678E201E2
:1005E000E83CA07138508101D029A0B59442956AA9
:1005F00099118845A72200F10002E28FE802AF12AC
:10060000A0B599118845A72300910003E324E802CF
:10061000AF13A0B538410400884500F10000E28F17
:10062000E802AF10A0B5882288A2A649A6A9E24197
:10063000E802AE693E37FEFBD50E2E17FEFA8C217E
:100640003E17FEFAA072382081013C13FF7C8822FD
:100650003C1BFF7C8C01D5C3FCC0FC405A480209FE
:100660002E57FEFA5A58012B2E57FEFBD50E5A482C
:1006700004242E57FEFA8EA2E6A2E8202E57FEFB97
:100680005A58011D2E57FF4D5A5801192E902A34E1
:100690004462B98C84A04C54802AA7308C9480E4A6
:1006A00097205CF20074E903447000738CA1187306
:1006B00000019768D5F1E682E9292E57FEFAE28516
:1006C000E8253C43F5743C53FF7C8C89E085E91EAA
:1006D0003C4DFA90B484928297065A4801182E70C5
:1006E0002A344462B98C84A0DF05848149FFFF2A43
:1006F000D50DA730E694E9048E949720D502FA84AC
:100700008CA1184300019768D5F03C03FF7C3C0B9B
:10071000F574FCC0FC4122408000B6BFAD10224001
:1007200080013C6C0B32AD112E47E82F5A4801086E
:100730003C5C05335CF281F540623C1AE662E848B5
:100740004440007080A042519073B4855A48010C17
:1007500044527B7CA50838428E09951A8885A549A4
:10076000AD61D5365A4002045A48043344527B7C6A
:1007700022A0800038428E11229080014075100125
:100780004E740003FFFA951A88A422528001404457
:1007900094014E440003FF2288875EF200FBE918B3
:1007A0005045003B97215CF20077E91152F5030BAD
:1007B0005CF78077E90C5044803B97215CF200772E
:1007C000E90652F486AD5CF78077E80284C14440C4
:1007D000007042019073B4804E420122005000200C
:1007E00054728001CF035A48011744027B70844041
:1007F00038200C0844027B64844138200C084402F1
:100800007B34A48838200E0994DA8860A409AC19D6
:100810004800014E5A4004044800010244427B70E3
:10082000545280FD38120C00105000204E1300A6C8
:1008300044527B2044A27B1438528C005A50010B46
:1008400044727A8438850C00812180A1F78183C7A6
:10085000D52344527A8495DA88E539E50C00812164
:1008600080A185014C5F4003850422F380008CA1A8
:1008700042143C7322F38001976842943C73507396
:1008800080305A5803F084A6401094363C1FFAF486
:1008900040949536D51885EC80E34272BC7338FFDE
:1008A0001E1195FA88FE8CA1227380019768882F0B
:1008B000E3058927E8F18D014010A0363C1FFAF4CA
:1008C0004094A1363C5DFAF43C9FFAF34E54000389
:1008D000FF6A3C1DFAF34E140003FE4A8825E2C16C
:1008E000E84984211010005F44527A54945A8825B4
:1008F00084C0AD8938650C00842C80E34273047396
:1009000044127A8438109E114E140003FE4A84EC7F
:10091000812342931C7380C995B244727A8488C73C
:10092000226300014E640003FFB2E02640133C1B2B
:10093000E43EE804441000C8D5125EF08051E9049A
:1009400044100069D50C4460005F52108050FE7462
:1009500044600032401098365010806938128E0979
:10096000B43FE622E90A38128E01922138128E092C
:10097000D50484201010005F00100060E622E949D1
:100980005A1006050050005FCD0584211010004864
:10099000D54095DA44127B345A58010638520C007F
:1009A000C508D52E5A58022D38520C00E6A2E82868
:1009B00038520C00959988A644627A544490006499
:1009C00038A315013C6DFAF438508E0142651824A5
:1009D000406324D688C53C5DFAF338608E09998F50
:1009E000425514244052A4B60293000188A9AD7167
:1009F000005000205852800210500020D50484A1DD
:100A00001050004838008E018827AC10A409AC11A2
:100A100038020C008C0138020C08D5498E81E68220
:100A2000E84644527B6444427B2038228C004402D6
:100A30007B145A28010A844038220C0838200C08FC
:100A400038228C08D51638200C00E642E8038C4189
:100A5000D502844038200C0838220C00CA0A3820FD
:100A60000C005A28020744227B20848138410C085C
:100A700038200C008083840C4241007344227B3474
:100A800022508000226080018004945A38410E0177
:100A900044727A8488229B2C38438209A5099402E7
:100AA00088079B34AD0138510E09AD89FCC1FC406B
:100AB00051FFF95880C0F182F2868420442003302F
:100AC000500F8378F3834900667F844051CF837849
:100AD0008006501F8378848180A2F302E243F3856D
:100AE000E830F70322600000223000011260800A23
:100AF0001260800CA1FBA1811230800B1230800D9E
:100B00003873990194F11460800EF6031270801707
:100B1000A1B48866A799A6D81060803310308032BF
:100B2000C606C3055A6011045A381F051040802CB0
:100B3000D5031050802C8C41501080448C08D5CEA9
:100B40002E07EF5450AF8078F08184008020509FB2
:100B500080A8B1F6506F81084450004444327B8431
:100B600042201424504F8378888288433815020A23
:100B70003814820A3813820A3813020A8C011012C0
:100B8000002B1011002B5A080CED3C0C0B1DF20130
:100B9000F0883C00163944100044F08E3C0C0B1ECB
:100BA000504F8378F08F3C0C0B1FF08B2E002C974E
:100BB000F0902E002C70F0913C0C0B20F0922E0047
:100BC0002C96F0932E002C99F0952E002C98F08CFA
:100BD000F0029402F08D44027B8442010473F0968B
:100BE0008400F084F504F10D4C5080FBF204B01E3B
:100BF00084213811000A500F813880228820F201A8
:100C0000F00244527B84E20214FF8017F0164C502D
:100C100000E1F0172222000CC0092202800E2232CD
:100C2000800F8A402202000DD5082202800C223259
:100C3000800D8A402202000D8A03FE0442010873DF
:100C400022A2000D2262800DF0872272800C220207
:100C5000000C4095180105E280099BC74234A4248A
:100C6000F08A42339C73B4055BE8040900228028B3
:100C70005A280105841F480000A60422800FCA4E8E
:100C8000F208E2624EF30092F20E42F00824E26FA4
:100C9000E82DF20FE262E80AA1ACA02B426498248E
:100CA000426380734E660082D521F20BE262E81E39
:100CB000A1ACA0AB426498244263887344200064D2
:100CC000FEB440210057FE94FE844470271040F18A
:100CD0001DF7F2104271882444200064407388F7A5
:100CE000E2EFE8044E670003C8600002802AF211B8
:100CF000E240E804F012E260E958F0134E0202FC10
:100D0000F00BE2604EF202F85BE80404480002F4E3
:100D1000F00746290000480002EC5A20020448006F
:100D200002EB5BE80404480002E7A1AC2222800E3B
:100D3000F689F615F294FE344460006440001817FA
:100D4000F60804828003E2C040603C1AE266222278
:100D5000800FE92BF00CF60942340024840A40315C
:100D60008076F00CFE3484CA40001816F609FE04A2
:100D700088464025080104AF8014F60A89488ACACB
:100D8000FE944223187342018C73E0404EF202B489
:100D9000F009426480244263A0734E6702ADF007FD
:100DA00046280000480002A5F007B601B4015A0722
:100DB000FF0B5BE8030900228040CA0546210000C2
:100DC0008802B601501080305052804448FFFF2006
:100DD000F004504200448C04F08448FFFF052E17B5
:100DE000EF548400B0EA8441E201E8053821820A28
:100DF0008C01D5FBF002E60BE80AE62BE808B09E72
:100E0000504F8138B158490002C7D508F002B09E52
:100E1000504F8138B15849000276F0872E07FC7692
:100E20004618FFFFF0893C0C0B2184C0F08A3C0C73
:100E30000B2250108FFFF08B808645E27B844400AC
:100E40000044F18CF107E2814EF200E29461B09827
:100E50008822A6C9803E421180730410800F5A1860
:100E6000021338111100844C42118873502F8138BD
:100E7000381106024E150008B06A844138208E0AE7
:100E8000480000C3B05880BE38209100501F8378BE
:100E90004211007350F0801842518073F584227221
:100EA000800C225780012280800CF588F504409444
:100EB0001C012272800DF5089BEF42A39C2442A4E2
:100EC000A47380AA8141A9CC1C550002F508149591
:100ED000000188E51277800380A284EC42519C7364
:100EE00080E5505F8138892838729E02F50C129790
:100EF0008002E2A750A0801050108038E80CF50462
:100F000084E28CB0A9C9A46A12150002A46B121560
:100F10000003D50384A0A949501F837880BE4211E5
:100F200000734251807350A080105092801022753F
:100F3000000222848002229480038AE8A9C92275D3
:100F400000038AE900928020A9CA109080200492B0
:100F50008009507080205A980319005280288EA171
:100F6000976810508028C507B4215CF08385E90597
:100F7000F109C90384A1D50284A3501F83784211CB
:100F8000007314508009D5038422A879803E421151
:100F90008073001080405CF080C8E8038C21964884
:100FA00044700044505F837842511C73101280409B
:100FB000803E42119C7350328028F70AB4A500107D
:100FC000802AE2E5AE5AE805E62AE8098C21D50632
:100FD000F70BE2A7E804C1038E21AE5A501F8378B5
:100FE0004211007300308020505F81088421381244
:100FF0008E0AB0F68CC138118A0AF1058E21F1856E
:10100000F1018E21F1818C8148FFFF1E50AF80A835
:1010100044727B848480508F80D82E07EF54E28006
:10102000E803F001C8142E07E8038440F0812E077E
:10103000E8213C73FE3AF0848082500F837844A20A
:10104000B8004480007083C284A1D576E6CAE8EC7B
:101050000C0500015A080160040380095A080309BD
:10106000840014057FFFF0018E01F081D5548E01BC
:10107000E602E80A0403800F5A0802048400D50738
:101080002E002C71D504000380288E0110038028C7
:10109000000380285A0801080013802B5810800490
:1010A0001013802B2E1028B98520B0DEE321E8092B
:1010B00038242602CA043821A602C2058D21D5F79C
:1010C0008520D527C0038404D5028406442000442B
:1010D00014038009500F8378420488738027F484B6
:1010E0004900636800238020501F81088401380074
:1010F0008A0A3804260A840014057FFFF0018CC197
:101100008E01F081F404D50738242602C2DC8D213B
:101110004C90FFFC8C815073804448FFFF80F105A8
:10112000C10EE6CAE80CB05E38108A025A10010DF2
:101130008C4150000044F102E241E9F2F5068400DE
:1011400050128460D568B07638108A02C9F2503FD8
:10115000810838318602CB5B40F518000290000C04
:1011600000F783EC1290000E10F000280290000DA2
:1011700004FF800642F0A0731290000F549080FF8D
:101180001037805EE725B660A8C1A8C2A8C3A8C46E
:1011900010900020E81822F000175EF78092E91303
:1011A000F301E667E810F3030490000E04318008B1
:1011B0003831A6025EF180E7E906F304CB04CF03E1
:1011C0001070002800300028CB0414500009D5040A
:1011D0008463143000090030002B11E0002A5831DC
:1011E00080011030002B503F81081440000F38510F
:1011F000860AB0761040004038508A0AB05E8CC132
:1012000038408A0AF1058E21F185D5938C215A1830
:101210000AA0D58FB6051002804A505280708520F2
:10122000D9FA3E97EF54B1B644727B842E0028B9A8
:10123000E320E857380326025A08015004AE00099B
:101240005AA0060F2E87EF54442000448007420422
:101250000873803C8D01490062AD3E87EF54001E4B
:10126000002044000070F206422080738420101198
:10127000005D001E002B800210110020021E000ADB
:1012800050300024AC52021E000BB742AC53B43CA9
:10129000BA0EA85AB901B643A85BB902A85CB90F47
:1012A000A85D50157FFFE623E808F103A04B381036
:1012B000890112100023D5035AA00410F30394519E
:1012C00050000044A0DB38218901AC87F203A094D0
:1012D000882284424900626E8D2151CE0044D5A7F8
:1012E0002E07EF543E07E83851FF86A8FCC088025D
:1012F00048FFFD5D841F48FFFD5A84003E07EF5400
:10130000DD9EFC43F08181008400F484F182F58548
:1013100080E18380812084814E82003DC73B5A4812
:10132000013A84A08085855EF101D12238611602E0
:101330005A68011DF10495AA88C1F68384C0F102A0
:101340004C60801539E19A025BE8010F44100030CF
:1013500042F30424F1033810BC02E22AE805838634
:101360008125809E81418CC1D5EB8CA1D5DEC4D571
:10137000F105954188A18C0184201092800011C252
:10138000800196003811260A8F013811F20A8EE189
:10139000D5C4FCC3C06EC16FFC4051FFFD28E220E4
:1013A000E82F80E144A00030851F81244293A87378
:1013B00084C038849A0A8CC14C607FFD8CE14C70EB
:1013C0007FF680C083818001802681248105F2819F
:1013D000814349001F4EB02649001F528009490031
:1013E0001F59B00249001F60840C49001F67490063
:1013F0001F6A844080A245E000308082D514E2015B
:10140000E8E184E044A00030851F81244293A87362
:1014100080C038849A0A8CC14C60FFFD8CE14C700E
:10142000FFF6D5D0840C81E94212802442F2F87391
:1014300084E098F9B00238300C005A38011138377E
:101440009E025A37FF0D94D188688C41AFD8AF59AE
:10145000F301969038419E0A3845160A8CE14C7388
:101460007FEA8CA14C5E7FE0800251FF82D8FCC0F5
:101470008040D50280418002DD9EFC004900378F0C
:10148000FC80FC0080C04900378CC0048400AE346E
:10149000AE35FC802E07EF74DD9E44427ECCAE203C
:1014A000AE61AEA2AEE3DD9E3C0FF9BADD9E3C0D0F
:1014B000F9BADD9E3C0DFA86465FF00F50528F0060
:1014C000FF4646001000D80684003E07EA1B840150
:1014D000DD9E8400DD9E2E07EF9884208E01400063
:1014E0008006DD9E2E07EF98842040008006DD9E5A
:1014F000FC0084A08C81E2A4E8073860080438600E
:101500008C0C8CA1D5F9FC80FC413C3DF9BA80E102
:10151000B4A1843F101F80075A300104480000A87E
:101520003C1DFA90B42192279646C1072E17E72D4D
:101530005A1001044800009C842044A27EB88521F2
:1015400080C14420007042808824B4408848B4821E
:1015500050F27FFF5CF78002E9035A4804760045A9
:1015600000005CF200C8E8048C81104500000041D6
:1015700000485A40010DB44041E120002E202D04C6
:10158000224F0004C209524202CFD5060021005565
:101590005A280137D5F15EF202D0E903444002CF68
:1015A0002EF02D05222F0005E803522106715EF171
:1015B0000672E9034420067185E6810542833C7387
:1015C00040F48C0858F7800210F4000040F2100A32
:1015D00010F4000140F1100A10F40002952454F1B7
:1015E000000F8450FF16844110240004022F000FC6
:1015F00040423C0410440003CA1C8441D51B4422D1
:101600008FA838210400E654E8228C4144428FA878
:101610009690382204085A28011B44228F983821BA
:1016200004005A280115002500005A280111D5A4EC
:101630009690102400058CC1845F1022803C1022FB
:10164000803D97B0D50484401025000050248001CF
:101650008C218D415491001F5A100A0448FFFF73DA
:10166000841F1002803E1002803FD51C2E67EF6C55
:10167000C6192E07EF6DA668E61EE8059403965777
:10168000FE0FD503440000F0AE282E07EF6EAFA981
:10169000AE2A2E07EF6F84C0961FAE2B84013E0743
:1016A000EF742E07EF748E0196005CF000FEE80BDD
:1016B000CE0A841F3E07EF743C0DFBDC8C013C0F0F
:1016C000FBDCD5033E67EF74B4275A380111E6CA34
:1016D000E81984468406FEB45243000A9690FF043B
:1016E0008822500F800784408E81D50A5A38040B17
:1016F000500F80078C26844084614440003549FFA8
:10170000FEF9B427840080A1502080400832800177
:1017100088039600DAFCFE02100080408401C602B5
:1017200084003E07EF9EFCC1FC008441806244407F
:10173000004049FFFEDFFC80A60092038C1596272F
:101740005C000014DD9EFC2080C184203E17EF9DCC
:10175000A640C1232E17EF995A1801053E17EF9D99
:10176000D51E2E402D08842184413E17EF98A001FC
:101770003C1DFBE580628E8149FFFEBC2E07EF9E7B
:101780005A0801043E07EF992E07EF685A00FF0838
:101790008C013E07EF68D5033E17EF682E17EF9DCB
:1017A000B4065A180134A605C81149003603C80802
:1017B000B4263C0DFBE5B42149FFFFB8D50A49002A
:1017C00035B6490035F7C8FED5F4490035F3C80CE5
:1017D0003C0DFA82A6015A08030684013E07E81A66
:1017E000D503490035F2B42684003E07EF9D3E073D
:1017F000EF998401AE0DB426AE0CB4C6B40649FF11
:10180000FF9D5A08014BAE37D548A644C90549FF8C
:10181000FE6BC043D50DA6055A080108490035CA1C
:10182000C83C490035D2D53949FFFE57C82B49007D
:1018300035C180E0C832B4263E07EF983C0DFBE589
:10184000B42149FFFF732E07EF995A08010DB42602
:101850003E77EF99AE0DB4E6B40749FFFF6F5A0823
:101860000103AE3F3C0DFA82A6015A08030684012B
:101870003E07E81AD503490035A8B4068421AE44D2
:10188000D50C49003597C8093C0DFA82A6015A08C3
:1018900003CA84013E07E81AFCA0FC20804080E1D6
:1018A00044027EE8A05144627F00B6202E17EF74F8
:1018B0003C6FFBE110100008A052A84144127EE4E6
:1018C00049FFFE2444027EDC2E17EF74A981AE404E
:1018D000B4273C1FFBDE44127ED849FFFF3644028A
:1018E0007ECC8420AE40AE41AE42AE4349FFFDFC0B
:1018F000FCA0FC003C1DFA82A6495A1003063C1DC0
:10190000F9BAE623E9052E17E8195A18050A8400E2
:101910003E07EA183E07EA193E07EA1AD53980C0A1
:101920003C0DFAB35A08010984003C0FFAB3440293
:10193000797449FFFDA844127988800649FFFFAFFA
:101940003E07EA1A49FFFDB83C1DF9BA5A080119C9
:101950005A1803083C0FF9BA440000614900341FCB
:101960003C0DF9BA5A08040584013C0FF9BA3C0D44
:10197000F9BA5A08050E84013C0FF9BAD5095A186C
:10198000030884003C0FFFCB84013E07E7C0FC80C6
:101990003C0DF9BA5A08040F2E07EF678C01960028
:1019A000E603E90984003E07EF6784013C0FF9BABA
:1019B000DD9E84003E07EF67DD9EFC4344500070CF
:1019C00042009473007000203C30166E97C6F3827C
:1019D00022410001223100008521C715445287C4ED
:1019E00084C03862840884EC4452873442509C732B
:1019F000ACE8AD29445287D01060005C389284086E
:101A00004800011F0060004B5A68030C445287D005
:101A100038728408445287C438728408480001111F
:101A2000CE1F44A287D084E338550400810542804C
:101A30009C7380E895FA448287348CA188E8976883
:101A4000E6A3ACF8AD39385504084EF300FA445219
:101A500087C43865040838928408480000F25A6048
:101A60000104480000EE445287D0E6223852840038
:101A7000F583F60384A342609473957244628734BD
:101A800088A6F681ACE8AD29E86284CCF701427003
:101A9000987322A380002293800140650C01F50217
:101AA0004074900181064E6400045283000083C795
:101AB0004E74000453E3800040F4780014FF800467
:101AC00085E03EF7F02940F5001314FF800550F73C
:101AD000FF375CF7812BE81A5EF48064E81740F466
:101AE000040A890F40FF2007E9098CFD5CF3803B65
:101AF000E8088CDD5CF3003BE80484A13E57F02944
:101B0000F60284A3FFAC80A692A184C03E67F028B1
:101B1000C912F60550F37EC95CF78063E80C5EF4E9
:101B2000804BE80984C13E67F028F604E2A6E90E7E
:101B300084E0D50DF604E2A6E8FC3C50166DE125E4
:101B40004EF200B1E0A44EF200AE84E1F60344523E
:101B500087D08CC197B0E6C338628408446287C4DA
:101B6000E907852138930408852038928408386372
:101B70000400CE2D38A284005AA80227CF2984ACB5
:101B8000049F8001429094732264800150537FC36C
:101B900097695CF285F8E81C2254800050F2FFC37C
:101BA00040F780135CF78256E81322A48002229447
:101BB000800384E342551C7342649C7390A290C2DC
:101BC000976B97B3D5314EA20022D502854384ACE2
:101BD000852005EF800143E0947380C980A9548477
:101BE00080FFE30AE80E40848808891E38FF26013A
:101BF0000284000188AF88C8976B97B38D21D5F018
:101C00004052A8B6406328D6D50380C480A3E622FC
:101C1000E80B5A78010A84ACF601426094732253AF
:101C20000000226300012E77F0295A780108E6228D
:101C300040433C1A4032BC1AD503808680652E1082
:101C40002CD55A18012DB4005A08012A3C00166FF1
:101C50003C1DF9BBE220E8233C77FCC83C57FCC99B
:101C60009A5F4E140003FE4A9A254E040003FE02BA
:101C700088013C101670E001E8123C1016719F8933
:101C8000400084094243147342331C738860880403
:101C9000403184764040049696DB9723ACD0AD115A
:101CA000FCC352628671E0C9E804E0C44EF2FF4F03
:101CB000E145E804E0A34EF3FF4A525282CFE0AA86
:101CC0004EF2FF38E0A34EF2FF4248FFFF33FC40E4
:101CD0002E57FF4D2E802CEA2E902CEB5A500110DF
:101CE0003C53FF425CF28078E8052E57E82FE6A3CC
:101CF000E8063DE016763CA01677D50544A00168BD
:101D000045E00046445000704201947305C0000055
:101D100084FD407E1C02446287284452871C5A700E
:101D200001050000004AC01A840038030C08FA8438
:101D3000840138028C08FF1C225080004462835CBE
:101D4000220080013853120995228886441283505C
:101D5000AC2138808C08480000A038028C00E614C2
:101D6000E8048C0138028C0838030C0044528728A0
:101D7000E613E9038400D5028C0138028C0838731D
:101D80000C00FAA4FF5C02F08000983D4462835C82
:101D9000A44938F3020994028806E08AAC41E903B9
:101DA0008088D50F40FF1007E9038089D50A8A9EF5
:101DB00040042401FE244045780140401096888963
:101DC00044A283505BC8040438450C0038950C00CD
:101DD00084038029421200738C2284044000801600
:101DE000E12044828350E8058D21E1204004BC1BA2
:101DF00038040C084402871C38150C0038000C000D
:101E0000846A42400C24E081E905E2234011BC1BB6
:101E100080818520854A40A22956800980294C95D9
:101E2000001198FD38830E1194DA886688282231D3
:101E300080018803C7038EE1D502FAE38D21D5F036
:101E4000846AFE5CFE1C40320DF6E80C98FD3853A7
:101E50000E1194DA8866421794732231800142078A
:101E60008C734E1500064052040A88A1D50584A241
:101E7000405214B69B4D405290B6976B4E050006EB
:101E80004012040A8801D5058422401204368A01D2
:101E9000400010169603AD50AC11FCC0222000008B
:101EA000E022E81052F09C1FE04FE80C22200001D5
:101EB000E022E808440040FF8A01E0405607800124
:101EC000DD9E8401DD9EFC4104AF800A81204071CB
:101ED00028008440AEB84420007042150873F18198
:101EE000441001F4810349FFFFDBF2013DC3F3BF5E
:101EF0001001006622148000406E0011E03CE808EA
:101F0000A63858000001AE3822148000D510520EB9
:101F10001C1FE001E80BA63858000002AE3802147E
:101F2000800052109C1F964BD502802622348001DF
:101F30003C23F3BFE062E808A63858000004AE383E
:101F400022048001D510440040FF9A82E043E80A51
:101F5000A6B858210008AEB8022480018A02960370
:101F6000D5028006E001E805900138042808D50470
:101F7000902138142808FCC1FC0194928822F08139
:101F8000223080009603E060E80452319C1F96DB0B
:101F90002200800122FF8003E00FE805441040FF8B
:101FA0009A089603E0604001BC1BFC81FC0196434B
:101FB0005EF08E119010E90452109C20964B5EF05A
:101FC0002081E905442041009A109603E02040005A
:101FD000BC1BFC81FC40959A88C28520810180E071
:101FE0008029B406838349003BAB81408029B40635
:101FF00049003BA642002824E208E807440000709C
:10200000427E007310938064FCC0FC412E17FE7C5E
:10201000F0812E07E82FF70BE220E80484043E0746
:10202000F1242E07F124C0048E013E07F124440060
:102030000070422380730001002080C2960EC83FCA
:10204000B4025A00043D943C8C0C947C880340916B
:10205000840004107FFF1C107FFF4C907FFC3C0C21
:1020600003F40413000938800602B7090003006076
:102070005A0009264403D08FE205E921F00181448A
:1020800049FFFF965EF001F5E91A840A4214002424
:10209000040480038445FE14E220E8112E07F12495
:1020A000C80E460000F45000024038051E0AF00A2F
:1020B000842338101C08840910030060FCC14420EC
:1020C000007042008873B4604422806C5A30060469
:1020D0005A38081D003000645A3801114400006469
:1020E000380105092E07F108E603E9043E37FF4EE3
:1020F000D50D8C013E07F108D50984003E07F10893
:102100003E07FF4E84003801050938010501C00C67
:102110008E014422806C960138010509C8053E07EE
:10212000F1083E07FF4EDD9E44400070420190736F
:10213000000000605A0006045A08090C8823A6080B
:10214000C0048E01AE08DD9E4400004038010E0A36
:10215000DD9EFC413C7DFA90F381F60AB4679265FE
:1021600096CF5A30020AB467926596CF5A3003046C
:102170008465D50284628846A7D0E2E3E8238CE137
:10218000AFD04470007042031C7384E01070006094
:1021900095B23C73F3BF40909800FFFCB6E9A6509F
:1021A0004C11C0118421101000608444982EB0415D
:1021B00080E449005AFF3C03F3BDFE04B6098400E5
:1021C000B607FCC1FC01956A8885F08122220000D7
:1021D0009603E040E80452211C1F9693220200015E
:1021E00022FF8003E00FE805443040FF9A18960371
:1021F0008825E04040013C1BB44142300024E262AB
:10220000E80F5EF00033E90550007FCEFE04B60112
:102210003C03F3BDB441FE04E240E802B601FC8198
:102220004430007042010C7300300062CB0D04405A
:1022300000093C3C03F4383192025EF19771E904E5
:10224000846110300062003000625A3801149492A8
:1022500088224433D08FB441E262E9044423D09011
:10226000B641000000605A0801063C03F3BDFE04BD
:10227000B601DD9E2E37FF4E5A38011A94D28823BC
:10228000463000F4B4815051823FE2A4E904503159
:102290008240B6614430007042010C73000000605F
:1022A0005A0801063C03F3BDFE04B601DD9EFC01A5
:1022B000F007444000704210107300408066CC1E4E
:1022C00022508004C50C3C4014598E81D408225001
:1022D0008005C5053C40145A8E81DC108482104074
:1022E00080668483384180084630009C50318400E9
:1022F0003831020A840610008060FC81FC41F70A34
:10230000F481953A40A11000B44AE241E83B441000
:1023100000704203847380C000000060E602E8059C
:10232000000300485A00012F840B10030065B041E0
:10233000982C8444812349005A3D44000040B60A49
:10234000840038049C0800030060E60AE81B44F09F
:10235000225C3807800040F03C00DD0F0A0E262684
:1023600016261A2626128403D5088402D506840A66
:10237000D5048405D502840710030060840110038E
:102380000063FCC1442000704200887300100063A9
:102390005A180305842810100060DD9EFC0196CBBE
:1023A0009683903090108A018A43FE04420108739C
:1023B000FC81FC42F083000F8034F182E60381420D
:1023C000810305CF800CF60EE90B2E17E821C90C0E
:1023D000E606E80A4490003244700050D509FB2E0E
:1023E00044700032D50544900064447000A0F103AD
:1023F000F002F581B69F49FFFFD344109C3FE220D5
:10240000E938B49FFFFCE287F501E83041CE1800BF
:10241000000E00005CF0003DE91C947238229A0125
:1024200088A1F103A42940004008FE1749FFFFB826
:10243000E207E80D4204A42438041A0A440000709C
:1024400042A30073840410050060D5138400D50BEB
:10245000C80794328805B0438444490059AB000E44
:1024600000008C01100E0000D5048400380E1808FE
:10247000FCC2FC4180E281218045802480C5F0813E
:102480008103814449FFFD7A441000704273047354
:10249000001380655A180B283814190150F08096E3
:1024A000E20FE804840010038061000380615A0891
:1024B000011B95B28926F0010224800102148000DC
:1024C00040214008FE5749FFFF6B5CF00384E80899
:1024D00040051800802984444900596CD5048400C3
:1024E00010038061FCC1FC42F60DF08344000070D3
:1024F000423300738142002180638385048F800C06
:1025000081235A28016C000180605A0802073C733D
:10251000F3BC10218061D5135A0803053C73F3BC4A
:10252000D50E5A08050510218061D5075A00070607
:1025300084E05A080A05D5F3447001F43C3DFA9052
:10254000B4439245968F5A200207B4439245968F22
:102550005A28030495F997F92E27E82F5A28010DD8
:102560008E02E602E809B4039205960F5A080105A7
:102570008405FFC497F994F244028050990B84407B
:1025800080243820190940040C008444F382F4812B
:1025900049005910F0038028804649FFFCEFE2070C
:1025A000F401F302E80894719601883CC8028401A2
:1025B000AC08D503387E190940150C00A420A548A5
:1025C000442280208A05A44938011A09A42188627E
:1025D0008A01AC19840210048063000480655A08E3
:1025E0000B62000480634432805095F25A08030F56
:1025F00040051C00B0438444F381490058DBF301DB
:10260000380E190138019909D52C00448061CC1C81
:1026100038141A018907F00302240001F3824021D3
:102620004008FE57F48149FFFEBBF40180244900B5
:102630003887F30296013C0BF85E38119901E220CD
:10264000E80338019909380E190138119901E2207F
:10265000E90844128050380099098403100480630B
:10266000957188BC3801990144328020A528381121
:102670009A119AA0FE54022F800689474010903686
:102680009A511215000088E3A4A8223380019A50C1
:1026900042018424021F8007400008169A08120590
:1026A0000001FCC2FC45F0842E07E82F8142F08631
:1026B00022008000F2043C0BF9AE22008001843D30
:1026C0003C0BF9AF4400007042218073B40280C318
:1026D000FE0E945A448282A44472827444928244CC
:1026E000F1855A0001050001004AC043441282B03E
:1026F0008400380098083C1DFCD7443282143813FB
:102700009A0A38149A0A3C13F3BF38041808FE4C8E
:1027100010010060100100611001006210010063EF
:10272000840138119A0A100100643C5C03F48400AF
:102730004412815404410009F30538429202886032
:102740008C0138408E0A5A0804F78480440282BC07
:10275000F104B6DF442281484432813C80A449FF21
:10276000FBB444028130842038101808480000ACC3
:1027700038038E023C1DFCD7F28749FFFE11F20799
:10278000F089840C1001006500010060E602E82673
:10279000B10980A73C3DFCD7F004B6DF4412821497
:1027A000442282B049FFFCD7F004804644128214D0
:1027B00049FFFD38F00480464412821449FFFD5C55
:1027C0003C0DFCD744128214442281484432813C9F
:1027D000808780A649FFFCF8D5309E42E622E908B2
:1027E0005A0005079E47E622E9035A080A27F00423
:1027F000802649FFFDC944028130B61FF006F682EB
:10280000F08138149A023C0DFCD7F2044432821451
:10281000F4094452810049FFFDCEB6FFF6813C0D1C
:10282000FCD7F10444228214443282A444428148F9
:102830004452813C49FFFD3D44428214F5093C0D60
:10284000FCD744128274F20444328154B71FF681DB
:1028500049FFFBDDF004441282A444228214806606
:1028600049FFFC64F004F10944228214806649FFA8
:10287000FBB344728088F004F1094422821444328C
:1028800082A43C4DFCD744528274B6DF49FFFD3828
:102890003C0DFCD7441280D0F204443280B88087CB
:1028A00080A649FFFDE8B6FFF6813C0DFCD7441237
:1028B00080D044228244F30444428214445280B8BB
:1028C00049FFFE1338049A1112050000F005892013
:1028D00022048001120500013C1DFCD7440280D077
:1028E00038101A0AFCC5FC41224080002260800199
:1028F0004410007042018473B4E044127FEC955A96
:102900005A7001050070004AC716AD10AD913840ED
:102910008E092E002CD98825AD895A000104480063
:1029200000E944027FBC88A0842038100E09AC69FD
:10293000480000E02E702CD900A00020F7815A78C2
:10294000014054050002C03C44027FBC38700E11A7
:10295000CF0888A022028001C03338408E11D530C4
:10296000880522000001C80588A122628001D528BF
:1029700088A181E42242800152938000FFE4384024
:102980008E1142500024427010754244A4244082AB
:10299000900043C0242442423C24424E18754240D9
:1029A0001C75FE0242002424FFAC42603C7342646A
:1029B0009C7540422096406320D6972397B35405D8
:1029C0000002C0745EF202D0E90938508E115EF246
:1029D00082D0E80F445002CFD50C4E440008385046
:1029E0008E114E55000784A0D50480A484E0D50242
:1029F00084E15EF30672941AE908880122900001CE
:102A00005EF48672E96AD50C4E6400088801229053
:102A100000014E940066D5045A7801498126408110
:102A20008808890138A08E112284000141C2280142
:102A300080E4800640F320014FC2000C840241E292
:102A4000A801400E0016420F3C7340007016880823
:102A5000E80B84E241E4A00140779CF6427F70736A
:102A60004073BCF688EA4C9400415EF382D0E904DE
:102A70005083FD31D5054E740039528380004C558A
:102A8000000E5EF00672E90450A0798FD5054E0461
:102A9000002A52A00000E148E804972B9783D5064E
:102AA000E10AE804973B40648011F501941A5A58F2
:102AB000010E38708E0144527FBC9BE738728E093C
:102AC00099C888A0A5F99BF7ADE938408E09882000
:102AD000AD10AD89AD91D50D44900671D5A185207D
:102AE000D59F4E82FFE4D5DA85004C557FCCD5DEEC
:102AF000FCC1FC4080E04400007042328073000161
:102B000080208124960680C545C27F8CC00984023E
:102B1000380114088400380094088400D54F4080A0
:102B2000940000040000E603E8048C011004000097
:102B300040A1180000050000E602E9038400D50268
:102B40008C01100500000214800102248000401056
:102B5000C008FE57380E1A0249FFFC2244100064D8
:102B6000FE0C8420490035EC8020846300050000C1
:102B7000FEF4880384803813820A94DA002400006B
:102B800088678004E282E806385192028C818805C9
:102B9000D5FA4071040988E0400388169A814E24D2
:102BA0000003FE925EF10191E90984011004000026
:102BB000840010050000B623800102148000381E36
:102BC0001A0995B288DC02148001AC71FCC0441271
:102BD00088F4840044427690382201010A30800152
:102BE00088438C01AC885A081FF9DD9E84604442FA
:102BF0008DEC9698E241E8088C61995C0052FFFFE9
:102C0000D8F98002DD9E440000FFDD9EFC408480F8
:102C1000FAD844728E2844928DF8E282E81A38A0DD
:102C20009000A146048000088C683852AA0238A49B
:102C30002A02FF744052A8B71251FFFC38A4920236
:102C4000385392028C814052A8B61251FFFDD5E64E
:102C5000FCC0FC4480E08002F28149FFFFC980A0F3
:102C6000F2015A00FF0B44128E2884003800960AA5
:102C700044128DF83800960A2E07FF4DC0043C0C14
:102C80000439D5033C0C0438A07DF08294128801ED
:102C90008420A700E682E9038E819660F183A64135
:102CA000E631E8048C219648D502FA21F184A64247
:102CB000E622E9048E219648D5028420A603E61F69
:102CC000E8048C019600D502FA0FF08596D18400B5
:102CD000F081814045C28DF845E28E28F387F305E7
:102CE000E261E94B049F8003FA6280C942608C7301
:102CF000F30295B188C394C9F386F304E269E93B12
:102D0000F40204F3800040831001890FA4F000F462
:102D1000000196DB5CF7800400840000E80904F3FE
:102D20008001F4073887A1014C824023D5035A88DB
:102D3000FF20E466E91DF4018E6596D9888342A1DF
:102D4000A47342018473F4815A50FF13388E160223
:102D5000444288F48903388E160A048F800638F2BC
:102D60002001388F16024281BC73388F160A8D21DC
:102D70008CC2D5C48C21D5B4A07E38A08A0AA07F8D
:102D800038008A0A04038008F10138100A0AFCC4DA
:102D9000FC4181208400AE18814180E280C38480A0
:102DA00044028934E28AE811041480013850910108
:102DB000DC12A67038400408A7708CA19768AF7029
:102DC0002E1028B9E2A1E907850045C289344442A2
:102DD0008DECD5038C81D5E7A6B0E302E80E382E42
:102DE0002000800938222008A670806AF4818D01B5
:102DF00049FFFF31F401D5F180094412893480671D
:102E000049FFFF06840044228934A670E201E808E5
:102E100094433831000088278C01A8C9D5F7FCC13C
:102E2000FC4180E1F48180C5C8354E2300BFCB1240
:102E30002E07E7AB5A0801053C0C003DD50A5A188D
:102E400004053C0C0039D5052E07E821490006ACE5
:102E5000B606B4062E17E7AB3C0FFA3BC911442265
:102E60000000020000135A7804038C0CFE17843E05
:102E7000B440FE56B620B440843DFE56B6204413FE
:102E8000F4048400AE084413F40BAE088401480037
:102E900000875A00010448000089C905CB0C3C0C8E
:102EA0000039D5085A180108CB062E07E821490039
:102EB000067BB606B4063C0FFA3B5A78015544022D
:102EC000A860490031AF4492A8603C3DFA3B8420A1
:102ED000854C4654000046780000448FEFFF45EFD4
:102EE0009FFFA01E920A962FE020E8543824840009
:102EF000020180134201287344220000FE17845E01
:102F000004F00000444FFBFF40278802B64004F065
:102F10000000845D40278802B640A0818C21FEAF6E
:102F2000A881A0819648FEBFA881A082FEA6A882A3
:102F3000A082444FF7FFFEA6A882A0824021200273
:102F4000A882A08240217802A88204F00000845B5D
:102F500040278802B64004F00000845740278802CA
:102F6000B640D5C00210001344020000FE0F843E9C
:102F7000B440FE56B620B440843DFE56B620A08133
:102F800046140000FE57A841A08146180000FE57D5
:102F9000A8414403F40B8423AE4084004413F40D91
:102FA000AE084413F40EAE08A47044024E20AC40A8
:102FB0004403F40044104E20AC40000F800444133E
:102FC000F402AE08FCC184003C0FFAB04403F403E1
:102FD0008421AE40DD9E4403F403A6005C000001A2
:102FE000DD9E4403F04A44100055AE404413F40300
:102FF000A608C8FFDD9E4413F40384003C0FFAB01A
:10300000AE08DD9EFC0084C03C6FFAB05A08010B8C
:1030100049FFFFDB3C6FFAB03C6BF44A3E67E814B3
:10302000D50349FFFFEAFC80FC204463F01D447394
:10303000F421A670A631A6B040002008FE0F58006B
:1030400004009640AE709208A671AE31440000555F
:10305000AE38442000004430000A502100014C21C9
:10306000FFFE49FFFFCA8400AE3844200000443010
:10307000000A502100014C21FFFEA6309600AE3020
:10308000FCA0FC402E07E7ABB4E184C04490003CB8
:1030900044A200005A08014C2E07E7BAE2C04EF2E3
:1030A0000085800649002B5A0213801242102473B7
:1030B0003C0DFA4F4010A8043C1FFA37C8160220F6
:1030C0008014440FCFFFFE8612208014022080154A
:1030D000FE861220801502208016FE8612208016A1
:1030E00002208017FE16D517020080145800300009
:1030F0001200801402008015580030001200801564
:10310000020080165800300012008016020080175E
:10311000580030008CC11200801797B0D5BE8006D1
:1031200049002B1C5A080C098CC197B02E0028CFDF
:10313000E2C0E9F6D53A02138012421024733C0D26
:10314000FA4F4010A8043C1FFA37C816022080141A
:10315000440FCFFFFE861220801402208015FE86C9
:103160001220801502208016FE8612208016022072
:103170008017FE16D5170200801458003000120088
:1031800080140200801558003000120080150200E3
:103190008016580030001200801602008017580078
:1031A000300012008017D5C1FCC0FC0049FFFF6B46
:1031B000FC803C10006E44024E20AC40DD9EFC20A2
:1031C000B48084608C8484E6B4045A380506920A7C
:1031D00040002808D504921E4000780842219C2413
:1031E000969084A05A20200C386088008C4140635F
:1031F000140C8CA5880696905A581EF68C6196D8A9
:10320000AA215A3806E3FCA0FC00A6495A18060772
:103210004412913849FFFFD5D510542080FB5A2025
:1032200003085020FFF5E642E9035A180E072E174F
:10323000E8218E21E622E8EDFC80FC0084003E07B8
:10324000E7DB84033E07E7DF2E07E821E6023E07BF
:10325000E80E8400E80284038481445279503E07DA
:10326000E8212E07E7DB2E17E7DF2E27E7EA2E37C8
:10327000E7FE49FFFDD7440279504412913849FFD7
:10328000FFA02E07E80E84813E07E82144527950C2
:103290002E07E7DB2E17E7DF2E27E7EA2E37E7FEBC
:1032A00049FFFDC0440279504412913849FFFF891B
:1032B0002E07E80EE6028403E80284003E07E821B8
:1032C000FC80B460505080108001A09F54410003E6
:1032D0001840000192424C02FFFB0401800850108C
:1032E000802054200003182280019202D9FBDD9E29
:1032F000B480840080403830800095414031940C87
:103300008C0188435A0810F98400A8A780405030E7
:10331000001096D8954138308C008C014031940CC7
:1033200088435A0810F614220008DD9EFC00B440C1
:1033300080C03C2FFA3BA649543080FB5A3003042E
:103340005A180E1D2E17E8215A1803054402904002
:10335000D50D5A18020544029060D5085A18010587
:103360004402905CD5034402903C441290C049FF53
:10337000FFAA8006441290C0D5185A1804092E00DE
:103380001444E605E9182E07E7EAD5155A1805088A
:10339000A057841CFE0E58000001D5105030FFF5D8
:1033A000E662E8064412A86049FFFFA4D5088E290A
:1033B000E622E805A057841CFE0EA817FC80FC003E
:1033C000A68180C05A2003209E16E602E91C9E14A6
:1033D000E602E80684003E07E7DB8404D51C5001C2
:1033E0007FF7E602E80684013E07E7DB8400D51399
:1033F00050017FF5E602E90C5A280E2749000F1A02
:103400005A08020784003E07E7DB8403D5048401E1
:103410003E07E7DB3E07E7DF2E07E7DB84812E1759
:10342000E7DF445279502E27E7EA2E37E7FE49FFBF
:10343000FCF944027950802649FFFF7A4402795012
:10344000802649FFFEE3FC80B4003C0FFA3BB40049
:1034500092039637AE08DD9EB44096773C2FFA3B38
:10346000B462940B441FFC07FE5EFE47B622DD9E4D
:10347000FC212E17E80DF081C91584213E17E80DB7
:10348000442000404412489449000D5EF00144126B
:1034900049144420004049000D57F001441249945A
:1034A000D5102E17E78E84034010801796009407DE
:1034B0004412489488202E0014465A000214F00149
:1034C0004420004049000D402E07E78E84238C01E4
:1034D00096004020043796484010041B3E17E78EA4
:1034E000FCA1F301848044728A6802018040386341
:1034F000900180439B468C624E540003FF6AA49067
:103500008A464E240003FE92E045E8031201FFFFC5
:103510008C825A4880ECD5D4FC4084C041C2040857
:1035200080A6D31A812284E04080180040A0980031
:1035300054F380FF40F79006E80B02F4800038F463
:103540001D090AF4800138F51D098CE1D5F28CA122
:10355000976888DCD5E7FCC0FC0094D9886184A01A
:103560004C118018A500A588E2C4E803A500AD08A9
:10357000A580A510E2C4E803A500AD100A408001B3
:103580000A6100018A86E0A4E80297618C02D5E90D
:103590008005FC80FC2080E080C14900272AC0040F
:1035A00044023520D503440205202E17E82188C7A0
:1035B00097B05A18010D441222F0442224A044303E
:1035C000004049FFFFCB3C0BF420D51095FF44127F
:1035D00021F0442223A0882788474430004049FF37
:1035E000FFBD44128EB838009909FCA0FC002E07DC
:1035F000FE7CC0202E17FF3F3C0C0B225A18010402
:103600009201D50292023C1DFFC09601E2202E07D6
:10361000FEFEE805E61EE80E8C01D50AC00B5CF044
:103620008E10E905E60FE9038E05D5028E013E07EF
:10363000FEFE3C03FE065CF00051E90C2E07FEFE88
:103640005A081E048406D50284073C0FFA548401EC
:10365000D50F3C03FD015CF000C9E8052E07FEFE16
:10366000E60BE8084900138A3C0FFA5484003E0731
:10367000FF3FFC80FC5044200080FD30801F8420F0
:103680002EA028A3490050A03C03FD012E9028CE77
:103690005CF000C9E92C400504088420960080A154
:1036A000854396A8E249E823844096D0E260E81C6E
:1036B00098D194D98866384F8901A4D84031A4762E
:1036C00088642E4028CE96D98E81383F8909DC0A3D
:1036D00038438901926242422824908288643833B8
:1036E00089098C41D5E38CA18820D5DCFCD0FC0075
:1036F00084003E07E7972E07E790E602E90484017D
:103700003E07E7972E07E8233C13FE06E201E80593
:103710003C13FE05E201E9143C0C006DC8053C03B6
:10372000FCFF8C01D50284003C0BFCFF2E07E80C4B
:10373000C00C3C03FD018C013C0BFD01D50684004F
:103740003C0BFD013C0BFCFFFC8084003E07E79036
:1037500084003C0BFD01DD9EFC003C03FD015CF0A0
:1037600000C9E90649FFFFF384003C0BF4243C0345
:10377000FCFF5CF000C9E90484003C0BFCFFFC800A
:10378000FC002E27E78C3C13F4203C03FFAC4010D8
:103790008836400008163C1BF4203C0BFFAC490067
:1037A0000D495A08020544000055D503440000FFA6
:1037B0003C13F420E220E9063C13FFACE220840035
:1037C000E80584003C0BFCFF8401FC80FC203C5D90
:1037D000FA3B4460003C54108FFF0242801242408A
:1037E000187344020000FE2796F7A104928C404211
:1037F0003008FF0FA9042E67E8219E71E622E82D0C
:10380000B42058108080B6202E1014525A18010F80
:1038100084235A6801038026964FA1C44040B00813
:10382000441FCFFFFE7EFE67D507A104441FCFFFD4
:10383000FE6658109000A844A044464F00FF504236
:103840000FFF40215008FE66FE57A844B42092277F
:10385000944FFECFB660D5202E1014525A18010D89
:10386000C6028423964FA1C44040B008441FCFFF36
:10387000FE7EFE67D507A104441FCFFFFE665810E9
:103880009000A84410228049B445441FFC0794DBF3
:10389000FE56FECFB6658EC2E6C20422800CE81347
:1038A00044110000FE5783801412800CB90C462886
:1038B0000000944A9222FE57B98C44101B24121027
:1038C000001AD50B441EFFFFFE5683801412800C95
:1038D000B90C944A9222B98CFCA0FC412E77E79552
:1038E0003C0323BA8EE1120F800084C02E06477677
:1038F00044928944100F80023C0323BC120F8002C3
:103900002E06477A100F80062E07E798FFC497F817
:103910002E07E798E2C0E8202E07E8215A080106A2
:103920003C17F422B001D507987EE60238148511C1
:10393000E807801F2E27E7912E37E78CD5062E2724
:10394000E7882E37E78A801F380018008CC149FFAE
:10395000FF3F97B0D5DEFCC1FC4080E02E07E82198
:10396000C8043C97FCFED5054412894438909D114B
:103970002E17E789E6023E17E7932E17E7923E17C8
:10398000E78BE8082E07E7913E07E7892E07E78CCB
:10399000D5072E07E7883E07E7892E07E78A3E0707
:1039A000E79284C080068CC1490026D897B0802950
:1039B0002E27E7892E37E79249FFFF0A5A680AF453
:1039C0003E77E78DFCC0FC0049000C345A08022603
:1039D0004413F0602E27E815A608540000FC5A286E
:1039E000011158000001AE084423F04A4413F0616D
:1039F00044300055A608960F5A000110AED0D5FBF2
:103A0000AE084423F04A4413F06144300055A60840
:103A1000960FC003AED0D5FCFC80FC402E47E7914A
:103A20002E27E78C80E0FF14972084004092040941
:103A30004460FFFF80A0D111A4B840A11076E1231B
:103A4000884F9691E2464002BC1B8CA11A2380014C
:103A500040613C1B9768D5F0FCC0949180A08840E1
:103A60008400D2080A328001E223E8FC9CC1961847
:103A7000D5F9DD9EFC002E17E7952E67E7988E217D
:103A8000FE74840096483E07E796944944028EB837
:103A9000880180464410005049FFFFE1FE355C007C
:103AA00000013E07E796FC80FC0049FFFE572E17F9
:103AB000FA005A18010D84003E07E80D3E17E795FD
:103AC0003E07E78E3E07FA0049FFFE41FC80FC00FE
:103AD0003E07E8213C0DFA8249FFFC732E07E78D73
:103AE00049FFFF3C84013E07FA00FC80FC408460F3
:103AF0002E97E82F4442A40080A34C548015B4C4F0
:103B0000C60D00720043E6E2E908006200428EC280
:103B1000E6DBE803E6F0E90284618CA19768504295
:103B20000070D5EC2E47FF3F5A4001062E47E79420
:103B30005A48011B84603E37E794003000103E3045
:103B40002C71A00794013C0E0B1DA60A3E002CC44C
:103B5000A60B3E002CC5A4123C081677A4133C0803
:103B6000167CFA04D51DA7003E402C715A30010680
:103B70002E37E8215A38030544004519D502A00321
:103B80003C0E0B1DA6083E002CC4A6093E002CC509
:103B9000A4103C081677A4113C08167CFA093C08CE
:103BA0001678FCC0C8043C0C0037DD9E5A0801059D
:103BB0003C0C003FDD9E5A0803053C0C0038DD9E9E
:103BC0003C0C0040DD9EFC002E07E80CC8283C1D84
:103BD000FFCC5CF08032E9233C0809A8445216343B
:103BE0004412187418028001D9FE3C0C04333C1CAA
:103BF0000435490009B9440000C93C0BFD013C0DE6
:103C0000FA4FC00444023520D50344020520441273
:103C10008A6849FFFD3184013E07E80CFC802E17BD
:103C2000E8212E07E817C1062E17E8155A180103D8
:103C30008C013E002968DD9EFC402E47E8212E378E
:103C4000FA849F628440E6A25C92000244628A6821
:103C5000447003E8E811CB0A38A309013850090180
:103C60004255142440529CB7D50338530901AD483E
:103C70005A48030FD5144E92000C3853090138A04E
:103C80000901FF7C4052A8B7AD484032101A8C4160
:103C90008C225A2840E13E37FA84FCC08461D5F872
:103CA000FC0080C049FFF99F3C0DFA823E67E82185
:103CB00049FFFB87840049FFFE5184203C1FFAB076
:103CC0003C1DFA7584013E07FF41AE08490026C23B
:103CD0004403F04A44100055AE403C2DFA75A650FE
:103CE0005A1001FF44100055AE404413F403A608D7
:103CF000C8FF3C0C04333C1C043549000935440220
:103D0000896444128A6849FFFF9984013E07FA00DA
:103D10003E07E80CFC80FC4084C0449221F02E0752
:103D2000E798E2C0E81295F7440289644013A400C2
:103D300049FFFF84441223A04402896488278CC170
:103D400049FFFF7C97B0D5ECFCC0FC412E77E7958E
:103D500081202E07E7988EE1FFC43C0DFA7584217F
:103D600084C0AE4084013C6FFA9E49000D9149FF2A
:103D7000FFD43E67FA0049FFFCEA5004FFFF97F8C2
:103D8000F0814C64803684003E07E82649002662B4
:103D90004403F04A44100055AE4085402E07E82603
:103DA000E60AE81F3C8DFA9E5A8801FA3CAFFA9E5B
:103DB0002E07E8268027960649FFFBEE2E17E826F9
:103DC000F0018C2196483E17E8264C603FE92E070B
:103DD000E8265A080AE53C0DFA7510800000D5DF88
:103DE000440FFFAA8CC13E07E7F597B0D5CB8400FE
:103DF00049000D4E2E07E8215A08011A441221F0FD
:103E0000442223A044300040440222F049FFFBA694
:103E10003C0BFFAC441221F0440224A0442223A016
:103E20004430004049FFFB9A3C0BFFACFCC1FC4016
:103E30002E57E8212E27E7912E17E78C2E07E788CB
:103E40002E47E78ACD0680C180E280608024D504B9
:103E500080E080C480622E97FF415A98026B2E0743
:103E6000FC144E03008C2E27E78D440289443CACA1
:103E7000043538F009115EF78050E9035A500310F9
:103E80002E27E78F38F009115EF78050E902C50749
:103E900084A044922A6044400480D5314492620058
:103EA00084A045E22A604042F80040851400A42026
:103EB0000024800083800204000002F20000084415
:103EC000800197229692888F885C42020475FE9C3E
:103ED000FE3C42010473FE3440000C164000041600
:103EE0009601120400008CA244000480D8DD8400F6
:103EF0003E07E80C84003C0FFFCCD54040F2A40004
:103F00004025140002878000A41002F7800042843C
:103F10000C2442078475FE3C42040473FE344000C6
:103F20000C164000041696018CA2AC10DCE8D5E01B
:103F30005A9803252E17FC14C9219A4242020424E0
:103F4000400008162E27E78D4412894438F0891165
:103F50005EF78050E902FE0296023C2C0435445282
:103F6000620044426440A4500832800196DA421054
:103F70000C7396491A110001DCF7FCC0949188403B
:103F80004C0100051A100001D5FCDD9EFC21F081DA
:103F900084008461444000403C0BFE063C0BFE055F
:103FA000441223A0440221F044228A6849FFFAB651
:103FB000440222F084204420004049FFFFE14402F3
:103FC00024A04410FFFF4420004049FFFFD9F00126
:103FD00049FFFA504462489444724A1480064412DD
:103FE00021F0442223A04430004049FFFAB73C0BA3
:103FF000FE06441222F08006442224A044300040F1
:1040000049FFFAAC506300803C0BFE054C63FFE8AF
:104010002E07E8213C1DFF06C8150260800E4900EE
:1040200009095A0802093C0DFA90B4009207960655
:104030005A0801213C0DFF060260000E8403FF8434
:10404000D5153C23F424C2143C03FD010210800F5B
:1040500042310024FE44446FFF38440000C84061F0
:1040600098D6400080168806999097B1D5030260D3
:10407000800F2E37E8212E27E78C3C13FE063C03E9
:10408000FE05C3152E37E791FE9C40108836400090
:104090000816969040310409404089F6E06F882F59
:1040A0003C1BFE06401009F6E06FD5104010883624
:1040B00040310409404089F6E06F882F400008161F
:1040C0003C1BFE0640100856E062880F3C0BFE05C4
:1040D0003C13F4213C03FE06E220E8033C0BF421F0
:1040E0002E17FC08E63EE8073C13F41FE220E80325
:1040F0003C0BF41FE2C0E81B4900089C5A08021858
:104100002E07E821C80A3C03FE063C0BF4503C0392
:10411000FE073C0BF447D5075A0803063C03FE068E
:104120003C0BF44C2E07E7908C01D5052E07E79049
:10413000C0048E013E07E790FCA1FC002E17FF4053
:104140005A10010944128AE844200040490006FC44
:10415000D51680C0844044428AE8840A84A6381276
:104160000901FE444030900A38130901FE6C902486
:104170008823381209098C415A2840F3FC80FC003E
:1041800084023E07FF412E07E78D3E07E78F84003C
:1041900049FFFC9F3C1DFA8E84003C0FFAB084015D
:1041A000AE083C1DFA75AE08490024544403F04A99
:1041B00044100055AE403C1DFA75A6085A0001FF98
:1041C0004402A02C44127779490021EB49FFFE31CB
:1041D00049FFF7093C1DFA8E8402AE083C1DFA75B2
:1041E000AE084402052049FFFFAA440205204412FC
:1041F0008A6844200040490006A72E07E815C0063B
:1042000084003E07E81549FFFBE084003C0FFFCC2B
:104210003E07E80C84013E07FA00FC80FC008400A5
:104220003C0FFAB03C0DFA758421AE4049002412CF
:104230004403F04A44100055AE403C1DFA75A608F0
:104240005A0001FF49FFFDF549FFF6CD490020D195
:10425000C8084402052049FFFF7244020520D50723
:104260004402352049FFFF6B4402352044128A681E
:1042700044200040490006683C0DFA758421AE4098
:10428000FC80FC0080C049FFF6AE3C0DFA823E6720
:10429000E82149FFF89684013E07FA00FC80FC20E3
:1042A00084C0840184E13C6FFA4F3E77E79549FF73
:1042B000FFEA49FFFB14440222F08026442000401C
:1042C00049FFFE5E440224A04410FFFF442000404A
:1042D00049FFFE5644028EB88026844C49FFFE50AA
:1042E000840149FFFD3449FFFA4D5A00011184034E
:1042F0003E07E8213C0DFA8249FFF863840349FF39
:10430000FBE83E77FF413E77FA00D51C84023E076A
:10431000FF412E07E78D3E07E78F800649FFFBD957
:1043200049FFFF7E2E07E815C0053E67E81549FFE7
:10433000FB4C84003C0FFFCC3E07E80C84013E0799
:10434000FA00FCA0FC20840184203E07E79584420B
:1043500044028EB83C1FFA4F49FFFE12840249FF07
:10436000FF923C0DFF060060002EC6192E07E7984D
:104370002E17E79544728EB8FE449648800749FF91
:10438000FB4E3C1DFF0680C084003C0BF424022041
:10439000800F38039901E240E92AD5304403F04AFE
:1043A00044100055AE4084E25A6001E249FFFA979A
:1043B0003C0DFF06A60149FFFCCA49FFFB5D2E0725
:1043C000E7E9C8052E07E7965A0801D22E07E795B8
:1043D0002E17E7988C01960040138436E0203E07A4
:1043E000E795E8E33E17E79584C1D5DF5CF000F17F
:1043F000E903440000F03C0BF4240000802D5A082F
:10440000010384C02E57E78DD619E6C4E81744F09F
:10441000431C3807980040F03C00DD0F040A1016DA
:1044200044000044D50944000045D5064400004638
:10443000D5034400004749001EB22E07E78D3E67B2
:10444000E78D3E07E78F840349FFFB432E07E821F2
:104450005A08030D2E07E80EC80944028964441265
:104460008A6849FFFBEB8402D5132E17E78F4402BD
:104470008944385005112E17E78D5E528050380060
:1044800005115E000050D0038403D50284013E076D
:10449000FF412E07E7E9C80349FFFEC284008421DB
:1044A0003C0FFFCC3E17FF3F3E07E80CFCA09200FC
:1044B000FC203C0DFA90B400920796065A080104BD
:1044C0004800009184013E07FF402E07FC085CF085
:1044D00000C8E8048C013E07FC0849FFFAE73C0CE1
:1044E000043749FFFD552E07E821C8083E07FF3F66
:1044F0003E07FA8444000055D503440000503E07AF
:10450000E82349FFF8F62E07E811C8092E17E8211D
:10451000C10349FFFBC784003E07E7973C0C043703
:1045200044128A6849FFF8A83C0DFA90B40092073B
:1045300096065A08010584003E07E7972E67E7971D
:104540005A6801154900235384023E07FF41840045
:104550003E07FF404400004349001E212E07E8218A
:104560003E07E80E49FFFEF0D5262E07FC14C827AB
:104570002E07E821C0243C0DFF060070002ECF1F3F
:104580003C03FCFF5CF000C8E91A490023302E0709
:10459000E82184C13E07E80E440000423E67FA006D
:1045A0003C7BFCFF3E77FF403E67E79449001DF7E8
:1045B00049FFFE773E67FF404900234F2E07E82161
:1045C0002E57FE12D00BC0065A08030944000041C2
:1045D000D5034400004049001DE22E07E8213E07B4
:1045E000FE12FCA0FC403C1DFA902E37E821B421BD
:1045F000922296465A18010ECB0C3C13FE065CF034
:104600008051E9072E17E82FC104842A3E17F9E0EC
:104610002E17F9E0C1048E213E17F9E04462B8007C
:104620002E902A342E57F9E02EA7FEFC8420810616
:104630009688E249E8239881CB02C5040041002016
:10464000D5033840040099F110438184CB02C5049E
:1046500000710028D5030071000840440400107266
:10466000018C5AA8010A00710020107201840021F7
:1046700000281022018C8C21D5DC2E07FF4D5A0812
:1046800001163C0DFA83C812CB114400005A3E00BB
:104690002A2C3E002A2D3E002A2E3E002A2F3E00C4
:1046A0002A30440000503E002A31490005C35A0810
:1046B000011084002E102A344432B8008080968085
:1046C000E241E80698838C011041018CD5F9FCC0C9
:1046D0002E17E7912E27E78C5A080112FE542E0759
:1046E000E78A96484010A0084010803644521B24A8
:1046F00044021B601A128001D8FEDD9E44521B2426
:104700004400040044121B60AC281202801E1202F6
:10471000803C8CA2D9FA3C4DFA3B844044320000E4
:10472000020200128802FE1F5021003C0410000CFF
:10473000944A92221410000C5A2AD0F4DD9EFC00F8
:1047400084004900257D3C1DFF074E17000784406B
:104750003C2FFF078402D50784093C0FFF078428FC
:10476000840284408461848380A249001DE8FC8027
:10477000FC0380C0A601F283F384F4855A08040880
:10478000A6305A08010584004900255A2E07E82D55
:104790005A08010B4402778DF103F204F3053C4DF6
:1047A000FA714900307A440FFFAA3E07E82A3C0D0F
:1047B000FA713C1DFA82B61F2E07E819442277547D
:1047C000F081F303F404F5054402796C49002E905E
:1047D00096003E07E81949002DF02E07E8195A0007
:1047E000010584013C0FFA9FA6315A080910A63032
:1047F0005A08023E3C0DFA845A0006385A08092E1F
:10480000490005185A08022AD5305A080A0BA63062
:104810005A08022E3C0DFA848E06E602E81ED525C3
:104820005A080B07A6308E02E602E821D51E9E43E9
:10483000E622E807A6305A08011B49000849D515A9
:104840005A080616A7B05A680113800649000840A6
:1048500080064900081DD509844084618402FA2538
:10486000808380A249001D6B8408D5028401FC83EB
:10487000FC0084014900080C84003C0BF4323E0724
:10488000E7C13C0BF4313E07E7FD84003C0FFA4FD3
:104890002E102D30840A4422913844329F3449002E
:1048A00024AD3C1DFA8E440FFFAA3E07E7F58401B4
:1048B000AE083C1DFA75AE08FC8084003C0FFAADD2
:1048C0004403F04A44100055AE403C0DFAADC0FE22
:1048D000DD9EFC40C006441003E8FE0C49000C239A
:1048E000842144004F008041806184804900044558
:1048F00044600E5D4473F04A449000554900049AA8
:10490000C0068EC1C60410938000D5F9840049000A
:10491000045A4463F04A447000554900048BC003B4
:10492000AFF0D5FCFCC00000FC40812080C24900F3
:104930001D3680E049FFF3575004FFFFE6054EF2B5
:10494000012C44F048503807810140F03C00DD0F55
:104950000A00780018014602960044000030490021
:104960001C1E840FAE318405AE303C1DFA908400CD
:1049700010038050A488440FBFFFFE16AC08447398
:10498000F04A44900055490004555A080205109316
:104990008000D5FA4900044EC00D842144005AF02D
:1049A000804180618081490003E84400009149FF13
:1049B000FF928006842149001F41842084028041A7
:1049C00084618081480000DE840FAE318406AE3001
:1049D00084001003805080A750038041843F181248
:1049E0008001D8FED5E7440000318540852149008B
:1049F0001BD649FFF4243EA7E7DB109300002E07E7
:104A0000E7DB84812E17E7DF445279502E27E7EA4F
:104A100010A380502E37E7FE49FFF204440279507C
:104A2000441290C049FFF4662E17FF4084003EA751
:104A3000FF3D3C0FFFCB3E97E7EB5A1001063E9738
:104A4000FA00490007253C1DFA8E8402AE083C1D81
:104A5000FA75AE08A6318E09E6044EF200A1800672
:104A600049001D6B4800009C4400003249001B9720
:104A70002E07E8215A08030449FFFB8384013E07FF
:104A8000E7994400003349001B8A3C1DFA758402F3
:104A9000AE08AE3084004900070CA6319E43E624E0
:104AA000E90F5A000E0E5A000F075A00090A5A0859
:104AB000020AD50649001EB4840049001E49840933
:104AC000D502840AAE312E07E7F8C80310038050E0
:104AD0003C1DFA90440FBFFF4463F04AA488447021
:104AE0000055FE16AC0884003E07E7FD49FFF3A71A
:104AF0003C0DFA8249FFF4654900039C5A08020400
:104B0000AFF0D5FB4900081C840049001CCF4900C8
:104B10000391C009842144005AF080418061808162
:104B20004900032B84003E07FF3D84003C0FFFCB70
:104B30002E07E7F8C80484013E07E7EB84003E0730
:104B4000E7F82E07FF405A00010884013E07FA00EB
:104B500084004900069D3C0DFA845A0004045A085A
:104B60000713490008003E07FE1584053E07FE14A2
:104B7000844084013E07FE16842184028062848F73
:104B800080A1D50784408402FA258062848F84A1A5
:104B900049001BD5D504841B10038050FCC0920033
:104BA000FC003C0DFA828423AE418400490006706B
:104BB0003C0DFA8249FFF4052E17E8204402795093
:104BC000922149FFF44B3C0DFA82842049001E36A5
:104BD0004402A02C4412777949001CE34412795016
:104BE0003C0DFA4F49FFF2E3840149FFF20D440303
:104BF000F04A44100055AE4049FFF1EFC0FE4402B8
:104C000079502E17E82049FFF4293C3C04338400F6
:104C10003C10146AE201E80A948188438C01A45094
:104C2000960194499649AC50D5F449002331E602E7
:104C30008400E9044900232C8E023C1DFA8E3C0FAF
:104C4000FFCB84023E07E82B844184003E07E7C483
:104C5000AE883C1DFA75AE08FC80FC02B61FF181DF
:104C6000F282F383490002E65A080209B41FF101F7
:104C7000F202F30349005242D507B41FF101F202D8
:104C8000F303490050E4FC824423F242AE10440393
:104C9000F243AE40DD9EE605E825FC264410D6DC56
:104CA00080FF3A2094043A2394243A2094043A232F
:104CB000942480A73A2090043A229024A64880DFCA
:104CC000AE688429FE0C4453F248443C0DB844239A
:104CD000F251986888233813040018128001DAFA18
:104CE000FCA6DD9E4433F241AE58C20358000010CA
:104CF0004413F2519600AE08DD9E4403F240842135
:104D0000AE404413F04A44200055AE88A6405A10E5
:104D100001FFDD9E4413F258A448AC404413F25AFC
:104D2000A448AC414413F25CA448AC424413F25E84
:104D3000A448AC434413F260A64810100008DD9E5E
:104D40004423F2449601AC104403F2469649AC4029
:104D5000DD9EFC2180E0800280C1F38149FFFF9D40
:104D60004403F24497F9ADC04403F24697B1AD80D5
:104D700049FFFFC5F00149FFFFCFFCA14413F241F9
:104D8000AE08DD9E4423F251A6909690C1045821AE
:104D90000010D503542100E0FE874403F251AE8099
:104DA000DD9E3C1DFA56A6821020800CA6831020A2
:104DB000800DA680A6011020800E1000800FDD9EC1
:104DC0003C1DFA56A68210208010A6831020801168
:104DD000A680A6011020801210008013DD9E3C1DCD
:104DE000FA56A68210208014A68310208015A68073
:104DF000A6011020801610008017DD9EFC01B63F32
:104E0000F28149FFFFD0B41F49FFFFDCF00149FFE9
:104E1000FFE8FC813C1DFF08541080F0FE0F3C1D94
:104E2000FA563C0FFF081000800ADD9EFC408140CE
:104E30008408812180E280C349FFFFEE3C4DFA5691
:104E40004403F140842112A2000012920001ADE25D
:104E50001062000BAE40FCC0FC02F081FA02100FA1
:104E60008008100F800B100F800C8400FA30100F98
:104E7000800E100F800F8441B002101F8009102F88
:104E8000800A101F800D8040B04349FFFFB9F00138
:104E9000441276508040846849FFFFCAFC82FC427D
:104EA0008121001F80308140420184249600100F30
:104EB000800B100F800F3C0DFA55101F800A101F39
:104EC000800E8420AC4380E2105F80063C0FFA56CF
:104ED000FF5CB001B042B083006F8034103F8004AB
:104EE000103F8008103F800C105F8007104F800536
:104EF000104F8009104F800D49FFFF823C3DFA564C
:104F0000020F801E44100055AC1C000F804012A1FF
:104F10008000FE375263001095B1FF87000F803884
:104F2000129180011001800B4403F04AADDA106148
:104F3000800AAE404403F1408421AE40A6405A109E
:104F400001FFFCC2FC0396D0FA408481F28184A068
:104F50008442F582F583F284B69F804180A449FFA4
:104F6000FFA0FC83FC034422B80084A10031000FA1
:104F700000410010FA40F2818440F282F2838442C0
:104F8000F284B6BF804149FFFF8CFC83FC0344429E
:104F9000B80084A00062000F00420010B6BFF2818A
:104FA000F582F583F3848041806684A149FFFF790F
:104FB000FC83FC04F287FA4084A08481F28184425D
:104FC000F284B69FF582F5838041F30749FFFF69BC
:104FD000FC84FC0049FFF0074403F3808421AE40C9
:104FE0004413F04A44200055AE88A6405A1001FFF1
:104FF000FC804453F381944AA7289407544200F05C
:10500000FEA7FE579648FE0F9600AE284403F38491
:1050100096D8AEC0DD9EC8044403F386D50344038E
:10502000F387A6009600DD9E4413F3868400AE0845
:105030004413F387AE08DD9E4413F280A60858009F
:105040000001AE08DD9E4423F2809405A650FE4781
:105050009648AE50DD9E4402192744121926A60038
:10506000A64840002008FE0FDD9E44021929441284
:105070001928A600A64840002008FE0F50F066D46C
:105080005CF7805AE9034400192CDD9E4402192480
:10509000A60092019606DD9E44021924A600920203
:1050A0009606DD9E44021925A600DD9E4412192AAB
:1050B000A6089600C00EA60896005A00010BA60886
:1050C00096005A000207A60896005A0003038400BF
:1050D000DD9E4412192B9600AE08DD9EFC40003088
:1050E00000094453F28096C69519A6E80020000AEC
:1050F000543180FDFEE73C5FFA319686AEE894D2EB
:10510000A6A8FD30542100FBA4404403F284FE9F76
:10511000AEA8AC40A4724403F2868125AC400013D3
:1051200000084403F283AE400003000B49FFFF8DEB
:1051300049FFFF844413F04A4420005500048000D6
:105140009606C003AE88D5FB4403F2813C0FFA43B8
:105150005A780307A64092229646C1E7D5085A78A6
:105160000105A6009202D5055A780206A600920310
:105170009606C0DBFCC0FC0044621924AE704412E9
:10518000A37CB6018401A989102080091000800841
:105190001030800A1000800B8001802449FFFFA09E
:1051A000A630FC80FC008441842080628082440020
:1051B000B10049FFFFE284003C0FFA9C3E07FE1C51
:1051C000FC80C808441218C1A6088C019600AE08DD
:1051D000D50F442218C2A6508C219648AE505A08CA
:1051E00001084413F060A60858000004D5064413D3
:1051F000F060A608540000FBAE08DD9E4403F06199
:10520000A60092029606DD9E4403F061A600920776
:10521000DD9E4413F0679600AE08DD9E4413F068EF
:105220009600AE08DD9E4413F06A9600AE08DD9E3F
:10523000FC0049FFFFEBC80749FFFFE25A000106E7
:105240008401D5048400D5028402FC809404FE47C6
:1052500096084423F06D4413F077443FFFC0AED06E
:10526000AE08DD9E4403F06D8420AE40DD9E9404C4
:10527000FE4796084413F481AE08DD9E4413F48380
:105280009680AE8892084413F4849600AE08DD9EA2
:105290004413F4859680AE8892084413F4869600F1
:1052A000AE08DD9E4413F4879680AE8892084413BE
:1052B000F4889600AE08DD9E4413F4899600AE088B
:1052C000DD9E4403F48244200055A640541080FE25
:1052D00058108001AE404413F04AAE88A64096466E
:1052E000C9FEDD9E3A6F98BC4463F00EA4305400B2
:1052F0000100C00D441218C0A6088C019600AE082B
:1053000084084900174C84084800008EA430960E8B
:10531000C007840949001743840148000085A43070
:10532000961EC00C441218BFA6088C019600AE0849
:10533000840A490017348403D576A4309616C00C2D
:10534000441218BEA6088C019600AE08840B4900D2
:1053500017268402D568A4309626C00C441218BDC6
:10536000A6088C019600AE08840C49001718840426
:10537000D55AA4309606C803FA00D555490034FF23
:10538000A4309636C841A430962EC840A430963E2C
:10539000C83FA43054000200C00C4403F063A64090
:1053A0009646C138A640541080FEAE408409D53BD5
:1053B0004403F00EA44054108400C92EA44054109D
:1053C0008800C92CA44054109000C92AA44054104D
:1053D000A000922DC927A48054214000C20D2E07A1
:1053E000FE1DC80684013E07FE1D840ED51C3E1717
:1053F000FE1D840ED518A400920FC0BF84013E0785
:10540000FE1C840FD5108406D50E8405D50C8407A8
:10541000D50A8409D508840AD506840BD504840CE2
:10542000D502840D4413F00E8440AC883A6F988402
:10543000DD9E4403F3228421AE40DD9E4413F3231A
:10544000AE08DD9E4403F323A600DD9E3A6F9C3C2C
:105450004463F540B6064403F544B6204403F548DA
:10546000B6404403F54CB6604403F550B68044039F
:10547000F554B6A0F1024403F558B620F1034403F5
:10548000F55C3A6F9C04B620DD9E4403F5023C0FA8
:10549000FA524403F5043C0FFA5184008020804006
:1054A0008060480017A9EFF0F081F001441003E894
:1054B000FE0C50007C614410009240000437F083E1
:1054C00040000009F0039E41F183C8FB4403F04A09
:1054D00044100055AE40EC10DD9EEFF0F081F1017C
:1054E000460000F450000240FE0C50007D4E441077
:1054F000026C40000437F083F00344115F904010C9
:105500000417C8064403F04A44100055AE40F003A7
:105510009E41F183C8F2EC10DD9E4413F5023C1F5E
:10552000FA524413F5043C1FFA514413F5103C1F82
:10553000FA534413F5113C1FFA4C4413F5123C1F67
:10554000FA4D4413F5133A6F98BC3C1FFA4E80C0D5
:105550005A000204480000834403F5228420AE4030
:105560004403F523842FAE404403F34484C3AF8047
:105570004403F5008421AE40840080208040806098
:105580004900173A4403F501AF8084008020804031
:10559000806049001731840A49FFFF873C1DFA5299
:1055A000A40858000022AC0884008020804080605D
:1055B00049001722440007E449FFFF773C1DFA51D8
:1055C000A40858000022AC0884008020804080603D
:1055D000490017124400071C49FFFF673C1DFA4DA4
:1055E000A60858000001AE0884008020804080603A
:1055F000490017024400033449FFFF573C1DFA538A
:10560000A60858000001AE08840080208040806019
:10561000490016F2840A49FFFF483C1DFA52A408CB
:1056200058000004AC083C0DFA51A4805821000435
:10563000AC80A48858210008AC88A4405810800889
:10564000AC408400802080408060490016D5440032
:1056500003FC3A6F988448FFFF28C8714413F52271
:10566000844FAE084413F5238461AE884423F34489
:105670008423AE504423F500AED04423F50180606E
:10568000AE5080208040490016B73C5DFA52440F6E
:10569000FEFF8046A4688066FE46AC683C4DFA5129
:1056A000A460FE0EAC20A468440FFFEFFE46AC6879
:1056B000A460FE0EAC20A42858000002AC28A42050
:1056C00058000002AC20A468841EFE46AC68A460AA
:1056D000FE0EAC20A428802658000020AC28A42070
:1056E00058000020AC20A42858000004AC28A420B6
:1056F00058000004AC20A42858000008AC28A420BE
:1057000058000008AC208006490016763C1DFA536C
:105710003C0DFA4DA68858210001AE88A6405810CD
:105720008001AE4084008020804080604900166483
:10573000440001683A6F988448FFFEB75A08017F19
:105740004403F5228420AE404403F523842AAE406E
:105750004403F3448422AE403C2DFA53841EA650E9
:10576000FE46AE503C1DFA4DA688FE16AE088400DB
:105770008020804080604900163F3C1DFA52A408FA
:1057800058000100AC083C0DFA51A48058210100DA
:10579000AC80A48858210010AC88A4805821001047
:1057A000AC80A4C8845DFED6ACC8A4C0FE9EAC800C
:1057B000A4C8442FFFDFFED6ACC8A4C0FE9EAC80B8
:1057C000A4C8845BFED6ACC8A4C0FE9EAC80A4C8AE
:1057D0008457FED6ACC8A440FE8EAC8084008020E6
:1057E00080408060490016083C0DFA82A6415A1894
:1057F0000F17A6005A0805143C1DFA53A6085800B6
:105800000003AE083C1DFA4DA60858000003AE0880
:105810008400802080408060490015EE4413F5002C
:105820008400AE084413F501AE0884008020804057
:1058300080603A6F9884480015DF3A6F9884DD9E47
:105840004433F5104423F51280203C3FFA533C2F9B
:10585000FA4DC80DA71858420001AF18A6D058310C
:105860008001AED080408060480015C65A08010F04
:10587000A658841EFE46AE58A650FE0EAE108400FA
:10588000802080408060480015B7DD9E46100800EB
:105890006413240364230402461FF7FF50108FFF94
:1058A000FE5640005C08FE0F64030403DD9E4411B5
:1058B00000006413240364230402441EFFFFFE5609
:1058C00040004008FE0F64030403DD9E4410800086
:1058D0006413240364230402441F7FFFFE56400028
:1058E0003C08FE0F64030403DD9E8422641324033A
:1058F00064230402843DFE569401FE0F64030403F6
:10590000DD9E3C1DFA52A40858000040AC083C1D26
:10591000FA51A40858000040AC0884008020804060
:105920008060480015693C2DFA52440FFFBFA45017
:10593000FE46AC503C1DFA51A488FE16AC0884000B
:10594000802080408060480015573A6FA0BC80C11D
:105950004413F04080E2A6C84423F00E5431801C6A
:10596000FEC7848096D8AD10AEC85A0802058424BC
:10597000641304034413F04A44200055AE885A08C7
:105980000207490000AAC8FE640304034413F0DAC6
:1059900097B0A608540000F0402380044403F0EDC3
:1059A0009690AE88AF804403F04144100055AE405D
:1059B00040000009400000094000000940000009C3
:1059C000400000093A6FA084DD9E944D4423F042CC
:1059D000FE0F9600A6D0AE10DD9E4413F046AE0832
:1059E000DD9E4433F2009601AC184403F20296495E
:1059F000AC404403F2049691AC80DD9E4403F20A6D
:105A000044200055A640541080FE58108001AE403E
:105A10004413F04AAE88A6409646C9FEDD9E442354
:105A2000F2069600AE104403F2079648AE40DD9EA3
:105A300044023E6CDD9E44021E00DD9E4403F20BD8
:105A4000A600DD9E4413F208AC08DD9E4423F20A52
:105A50009401A6509646FE479648AE50DD9EE60855
:105A6000E80694014423F20C8802AE40DD9EE6086D
:105A7000E80694014423F20D8802AE40DD9E440303
:105A8000F0C4A600DD9E4413F0C49600AE08DD9E6F
:105A90004403F0C3A600DD9E4413F0C39600AE0895
:105AA000DD9E4403F0CE4413F0D0A400A648940732
:105AB000FE0F441DE40088015C000080DD9E44026E
:105AC0001C00DD9ED50044521C0044121C3E1802EE
:105AD0008001D9FEDD9E4403F0F4A600DD9E440360
:105AE000F0F7A600DD9E4413F0F79600AE08DD9EA9
:105AF0004403F0F6A600DD9E4413F0F69600AE08CF
:105B0000DD9E4423F0509617A650541080F8FE47AF
:105B1000AE50DD9E4413F050A60858000008AE08B1
:105B2000DD9E4413F050A60858000080AE08DD9EAC
:105B30004413F050A6089637AE08DD9E4413F0508B
:105B4000A608540000F7AE08DD9E4413F051A608E5
:105B500058000001AE08DD9E4413F04C9600AE08DC
:105B6000DD9E4403F04DA600DD9EC80444120000F3
:105B7000D503441230003C1FFA39C8044412051002
:105B8000D503441235103C1FFA38C804441206DC11
:105B9000D503441236DC3C1FFA2EC80444020BF035
:105BA000D50344023BF03C0FFA2DDD9E84003C0FF0
:105BB000FA9D4403F1808421AE404413F04A44200E
:105BC0000055AE88A6405A1001FFDD9EC8283C5300
:105BD000F4724443F1863C3DFA2E3C2DFA3F3C1DC5
:105BE000FA343C0DFA42AD604443F18E96D9ACE0F4
:105BF0004433F1889691AC984423F18A9649AC508D
:105C00004413F18C9601AC082E2028AF4403F18494
:105C10002E1028B0AE804403F185AE40DD9EFC40DE
:105C20004433F1824473F1813C3FFA413C7FFA32C4
:105C3000A740848140629002A758855E4052A80226
:105C4000FF77AF58A741853DFF664062900CA7588B
:105C50004052A402FF77AF58A742FF6695AAA75803
:105C6000545280FBFF77AF58A743FF6695ABA75808
:105C7000545280F7FF77AF58A744FF6695ACA758FA
:105C8000545280EFFF77AF58A745FF6695ADA758F0
:105C9000545280DFFF77AF58A6069546A618962F78
:105CA000FE2FAE18A610A6F8FE264031A80240A18D
:105CB000800410A38000A611FF069421544500FF24
:105CC00040422402FF07AF380020800E4403F183D6
:105CD000AE80A4894403F190AC80A48A4403F1927D
:105CE000AC80A68E4403F194AE8002208008440369
:105CF000F196AC80A48E4403F198AC80002080081B
:105D00004403F19EAE800020800B4403F195AE80E9
:105D10000020800A4403F19FAE80002080124403DB
:105D2000F1A0AE800210800A4403F1A2AC40FCC096
:105D30004413F19AA448AC404413F19CA448AC41EC
:105D40004413F1A4A448AC424413F1A6A448AC43C4
:105D50004413F1A8A448AC444413F1AAA448AC45A8
:105D60004413F00AA64896571010000CDD9E440319
:105D7000F00AA6009606DD9E3C0DFF09A600DD9EFA
:105D8000FC00A6488E24E622E813C8044412000052
:105D9000D503441230003C1FFA3AC80444123000C4
:105DA000D503441200003C1FFA2FC016D512C804B8
:105DB00044123000D503441200003C1FFA3AC804D4
:105DC00044120000D503441230003C1FFA2FC804CF
:105DD00044020000D503440230003C0FFA4AFC8024
:105DE00084003C0FFA914403F1C08421AE40DD9E53
:105DF000FC005A0002055A000318C82E2E2028AFB6
:105E00004403F1C22E1028B0AE804403F1C34423F2
:105E1000F1C4AE403C1DFA2F3C33F4743C0DFA4AF9
:105E20009649ACD0D5122E2028AF4403F1C22E10D3
:105E300028B0AE804403F1C34423F1C4AE403C1308
:105E4000F45E3C0DFA4AAC504423F1C69601AC50C6
:105E50004413F1C8AC08FC80FC202E17FF4180E001
:105E60003C6DF9BEC102840349FFFFC43C1DF9BE6D
:105E70005A100F16C7035A78020380C14403F1C1B8
:105E800097B0AF8049FFFFAE4403F04A441000557D
:105E9000AE404413F1C0A6085A0001FFFCA0C004A4
:105EA0005A000209DD9E3C0DFF09A6003C0FF9BE19
:105EB000DD9E3C1FF9BEDD9EFC4380E0840080C176
:105EC00081222E102A344422B8008060E201E806C4
:105ED00099028C011032018CD5FAA03D8029FA4E2E
:105EE000503F8017848049FFD32D000F80178420F6
:105EF000F081000F800480A13E07FE88841FF2011C
:105F0000E2A2E8190434800194A938319501DB112B
:105F100004448004043480028844A69138319501F9
:105F20008E42E64EE806E2234011BC1B4002BC1B39
:105F30008CA1D5E65A07FF1950348018B4239482F7
:105F400038508202A05938408202A05A383082026A
:105F5000C358FA3844000034FE6CFE2441E08FD769
:105F600040300C77D54F846083C380438143D50D87
:105F7000C275FA184205002440A0095744000034B5
:105F80004204002440200857A6305A00010544105E
:105F90000050D50344100032400F28019A9AFE04A5
:105FA00042010873FE4CE2203C0FFA890013002DD9
:105FB000E819F001E603E810C90F2E07FE7DC80CB2
:105FC0002E07E80C5A080109442FFFB43E17E804D5
:105FD0003E27FC28AE30A6305A080110440FFFB40B
:105FE000D5082E07E804C0092E07FC28C0058E013D
:105FF0003E07FC28D502AE30C1338400AE30D53028
:1060000083C30444800588828440A663A622F1826B
:10601000FA22FE4481028142F502E2A0E9AA00923E
:106020000001A760149F8003049F8003E325E91308
:1060300004F380054092840040948408892F0294E0
:10604000800040948011E53EE904894589008C4137
:106050008CA1D5EB8C018C32D5E08142D596FCC366
:10606000FC00FA3080C0FA0249FFF610840149FFB3
:10607000F6878420840449FFF687840049FFF60DE3
:10608000A035A07649FFF65E49FFF639A036A07527
:1060900049FFF76AFC803C101546A003E201E906BF
:1060A00084003E07FF3D8402DD9E8400DD9EFC00EF
:1060B000441279288400442FFFAAAE08AE0AAE89A4
:1060C00084203E27E6FC3E07FC533C1FFF133C1F89
:1060D000FF123C1BFE283E17FC543E07FC333E07D4
:1060E000FC323E07FC313E07FC523E07FC30FC8090
:1060F0003C001546DD9E2E07FC54DD9E8400443294
:10610000B800844198438C01102083EC5A080AFCA3
:106110004400005A3C08164DDD9E3C101544AC402E
:10612000DD9EEFF8F081F0018E01F081F001441165
:1061300086A040100417C8064403F04A44100055D6
:10614000AE40F001C8F1EC08DD9EFC02F382F4835E
:10615000B63FF28149FFFD3CB41FF101F20249FF55
:10616000FD6049FFFD25F00349FFFDE4FC82FC4092
:10617000F609229F8016C8700073000C1072800E02
:10618000A5F3ADEC007300091072800B00730008DA
:106190001072800A3C7DFA835A7001093C7DFA90A6
:1061A000B4E792E297C65A78010DA5F1A4D8ADE9FB
:1061B000A5F212328008A4F5ADEAACEEA6F1D50E38
:1061C00044300041ACE9FA7DACEA4430003212328E
:1061D00080084430003CACEE84612E67FE7CAEEE5D
:1061E00084603E37E7CEE6C64430003C3E37E7CF1A
:1061F000E90AFA7D3E37E7CF84613E37E7CEFA7D84
:10620000123280082E37FF4DC3038460AEEEF308D0
:106210002271800452348000E0E3E803129280018E
:106220002E37E8215A38030644300091ACEAACE935
:106230002E37FF3D5A38010AF30CA4DA12328008D7
:106240008E6596D9ACEAACE9CE052E37E81D5A38F2
:1062500001048460AEEEA6C85A3802088461AEE438
:10626000C8068403AE08D5038400AE240011001EC6
:1062700084005A1801071001001EAE62AE63D503F8
:10628000AE22AE23FCC0C931FC00A541A502A4C6C4
:1062900002200008001000123C2BFF8B3C1BFF8CDF
:1062A000446000AB3C4BFF893C3BFF8A3C5BFF8872
:1062B000404220084052A0084031A0084021200858
:1062C0004010A008405298B6404218964031987647
:1062D0004021185640109836AD41AD02ACC6122090
:1062E000000810100012FC803C13FF88AC413C13E6
:1062F000FF89AC423C13FF8AAC463C13FF8B121063
:1063000000083C13FF8C10100012DD9E2E00294760
:106310005A0801262E17FF4DC1052E17E8215A18DD
:1063200003203C0014BF3C1009A8E201E9053C1021
:106330000A1AE201E81484003C0809A83C080A1A79
:10634000445216344412187418028001D9FE2E07E4
:10635000FF438C013E07FF438402DD9E8401DD9EE6
:106360003C0DFA903A6F98BCB4C092C797865A60B9
:1063700001048400D50E3C0DFA82A6015A0803FBE5
:106380004900200D5A08A3F72E07FE7A40030006A5
:106390003A6F9884DD9E3C0C0037441200000220C6
:1063A0000012502102D0FE8FB422922796463E174B
:1063B000E7DAB42296773E17E7D9A046A081922A61
:1063C000966F3E17E80944129EB496A7AE88A08146
:1063D000924596A7AE89A081924A96A7AE8AA081DF
:1063E000924F96A7AE8BA081925496A7AE8CA081B7
:1063F000925996A7AE8DA08296A7AE8EA0829245A6
:1064000096A7AE8FA082924A96A710208008A082FD
:10641000A0C7924F96A71020800984234422903071
:10642000FECEAED0A0C79262FECEAED1A0C792641F
:10643000FECEAED2A0C79266FECEAED3A0C7926803
:10644000FECEAED4A0C7926AFECEAED5A0C7926CE7
:10645000FECEAED6A0C7926EFECEAED7A0C7A00726
:1064600092709212FECEFE46103100081011000903
:10647000DD9E3BFFFCBCEFFC49FFFF8FEC044402B8
:10648000903C441276E03BFFFC8448FFE7DF3C0C85
:106490000037441200003A6FA43C02200012467FED
:1064A000FF07502102D0FE8F50738FFFB42244416A
:1064B000800058108080B622B422466FE0FF9227F9
:1064C000944F58108006B622A086441F03FFFE5644
:1064D0005810BC00A846A041442FFC1F9225944DA3
:1064E000A841A04150630FFFFE5658108020A841DC
:1064F000A0C1441F83FFFECE58318800A8C1A0C1AF
:10650000465C1FFFFEFEFEE7A8C1A0C14640040096
:10651000FEF6FEE7A8C1A0C150528FFFFEEE4690E6
:10652000A0004031A404A8C1A0C2926594DD5831F6
:106530008006A8C2A0C2FED6583180E0A8C2A0C280
:10654000FECE5831A000A8C2A0C2FFDE44348000B5
:10655000FFDFA9C2A0C2FF9E46300C00FF9FA982A8
:10656000A0C2FF5E46318000FF5FA942A0C39265D2
:1065700094DD5831800CA8C3A0C3FE9E5821018031
:10658000A883A083FE565810B000A843A087843C7F
:10659000FE56A847A0878433FE5658108004A847AB
:1065A000A087441FFFCFFE5658108010A847A08731
:1065B000441FFF3FFE5658108040A847A087441F45
:1065C000FCFFFE5658108100A847A087441FF3FF28
:1065D000FE5658108400A847A087441FCFFFFE56E0
:1065E00058109000A847A087441F3FFFFE56581040
:1065F000C000A847A087441CFFFFFE5644210000AE
:10660000FE57A847A087461FFF3F50108FFFFE563A
:1066100044240000FE57A847A087461FFCFF5010E7
:106620008FFFFE5646200100FE57A847A087461F51
:10663000F3FF50108FFFFE56FF0FA907A087461FDC
:10664000CFFF50108FFFFE5646201000FE57A84780
:10665000A087461F3FFF50108FFFFE564620400088
:10666000FE57A847A087461CFFFF50108FFFFE561D
:1066700046220000FE57A8473A6FA404DD9E3C0C5A
:106680000037441200003A6FA83C02300012445F09
:10669000FC1F503182D0FECF2E17E7DAB483964626
:1066A000948F441FFF7FFE66FE57B6232E17E7D94F
:1066B000444F83FF5420807FB423467FFF079227F7
:1066C000944FFE57B6232E17E809A0C6966F4020B8
:1066D000A808441F03FFFE5EFE5744329EB4A8463E
:1066E000A65850738FFF5420801FA041853C9225EF
:1066F000944DFE57A841A659EFFC9667948DA04192
:10670000EC04FE6EFE57A841A65A96674020A808E2
:10671000A041FE66FE57A841A65B96674020BC08D4
:10672000A041FE7EFE57A841A65CA181966740204D
:10673000D008461FE0FF50108FFFFE76FE57442220
:106740009030A841A79004A000078423409524021C
:10675000FF8E40649804A987A79104A00007FF8ECC
:1067600085334095240295B240649804A987A79286
:1067700004A00007FF8E449FFFCF4095240295B4EC
:1067800040649804A987A79304A00007FF8E449F44
:10679000FF3F4095240295B640649804A987A794CA
:1067A00004A00007FF8E40932008446FFCFF406563
:1067B000180240632404A987A79D04A0000197A79D
:1067C00040936408466C1FFF50630FFF406518023A
:1067D00040632404A98104900002A79E932540945D
:1067E000940897A740649804A982A79F0490000288
:1067F00097A795B540549402FF77A94200518008AD
:10680000A18297674052A808FF36FF2FA9020041D6
:106810008009A0C2972740423C08FEFEFEE7A8C2BE
:10682000A6D5A147FECE4041A808443FF3FFFEEEA7
:10683000FEE7A8C7A6D6A147FECE4041B008443F18
:10684000CFFFFEEEFEE7A8C7A6D7A147FECE404188
:10685000B808443F3FFFFEEEFEE7A8C7003100083E
:10686000A147FECE4041C008443CFFFFFEEEFEE7DC
:10687000A8C700210009A0C7FE564020C808461F2F
:10688000FF3F50108FFFFE5EFE57A8473A6FA804E7
:10689000DD9E3BFFFCBCEFFC49FFFEF3840049FF9B
:1068A000F7F7EC0484023E07E72E2E17E780440238
:1068B000903C3BFFFC8448FFE5D1949188404C011B
:1068C00000051A100001D5FCDD9E3C0DFAAE3BFF21
:1068D000FCBCEFFC5A080B09440291D884204420E8
:1068E000004049FFFFEC3C4C043C441291D884002A
:1068F00098A08C02A4D0A48888431A2080015A084A
:1069000080F9EC043BFFFC84DD9E84405431001F81
:10691000CB09224080002230800188649061ACC0A5
:10692000D5165A381F0A224080002230FFFF8864A3
:106930009061ACC0D50C223080002240800194D9F7
:1069400088642240FFFF88649062ACC08C419690BE
:106950008C228C025A2840DCDD9E2E17E82FC10ABB
:106960002E07FE4EC8048401AE10DD9E8400AE10DA
:10697000DD9EA710C412AE502E17FF22C90E0000D4
:106980000027C80B2E07FE4EC8082E07E72D5A0811
:10699000010544000077AE18DD9E3A6FA83C9F4980
:1069A0004667FFFFEFFC8460976850630FFFE0616C
:1069B000E8198085E264E81398A694914090080055
:1069C0008C4288402274800022A10000E147E80444
:1069D00012A48000ADD08E819720D5ED8C6196D821
:1069E000D5E7EC043A6FA804DD9E3A6FA0BC80C2E4
:1069F00080E08440E246E8083800891138038909BC
:106A00008C419690D5F89673800795B149FFFFC7E2
:106A10008EC2842088C7844580012A337FFF882363
:106A20008E4122337FFC96908803CAF8844540103B
:106A3000883640000816121380108A201203801135
:106A4000121380123A6FA084DD9E840A3A6FAABCAA
:106A5000AE0800010D4CEFF48C019600E60A80E1CF
:106A600080C2E902840010030D4C00530D4C5033DA
:106A70000280946FF181500302008480802344805F
:106A80007FFE44A07FFF8CA645C02000F20122902B
:106A90007FC0884087C0129100A6804085201A914F
:106AA000000150007E001A9180014090780022F190
:106AB0007FFF229481A651EF0080892FE109409544
:106AC0003C1B12917FFF449005004DE4FFF08520B0
:106AD00087CA4002A40040F078169406880450004B
:106AE00001A49401880622F1FFFF220000028D21FB
:106AF000880F5EF02000400E3C1A1201FFFF5A98EA
:106B000005EA8C8180025A4840C350030300FA40D2
:106B100049FFFF6D50030326501302C0FA4049FF9E
:106B2000FF6622130100220301202223012688018F
:106B30002213010184668801221301218801221396
:106B4000010288012213012288012213010640005C
:106B50000C168822222301073C0BFF3C88222223AB
:106B60000127882222230108882222230128882243
:106B700040108C368A013C1BFF3B3C0BFF3AA63988
:106B8000A678E220E9038C01AE39EC0C3A6FAA84B6
:106B9000DD9E3A6FA8BC04500011844044707FFE13
:106BA0004492A1AC84208001990A8885A4E096DBF8
:106BB0008860E0E3E905A4E088039603D503440078
:106BC0007FFF501080245A1A40F1380488098C4203
:106BD0004462A1AC5A2824E8FA22800649FFFEDF6D
:106BE000842080618041E62938030511E80388602C
:106BF000D50288408C215A1812F89A5344007FFF1E
:106C0000E001E906440F8001E020E902960B3C0B0D
:106C1000FF853A6FA884DD9E3A6FAA3C2E4028A2D9
:106C20008460ACD5040000119FA28460955988A0AF
:106C3000409190F6A568E4E2976BE909E0E6E80781
:106C4000A5D4E0E5E804A5558CA1AD558C615A3971
:106C500020EF84603C3BF425443001B0955988A076
:106C6000409190F6A568E4E2976BE90BE0E6E8094D
:106C7000A5D4E0E5E8063C53F4258CA13C5BF42563
:106C80008C615A3A40ED8040840080808060A5503D
:106C9000976BE085E803A51080038C6196D98C4240
:106CA0005A3920F7FA6240300C172E67E6FE9681BB
:106CB00097D096D85A60FF112E07E6FD5A00FF0DB7
:106CC0009B584E540003FF6A9A164E040003FE02BE
:106CD00088059600D50284003E37E6FD3E77E6FE45
:106CE0002E37FE7CC01E5CF20191E91B2E07FC5F73
:106CF0008C019600E6023E07FC5FE8052E07FF06C2
:106D00005A08012F84003E07FC5F84013E07FF06FE
:106D10002E07FC5EE60FE824840F3E07FC5ED520BC
:106D20002E07FF065A08011A2E07FC5E9E819690D8
:106D30003E27FC5ECA152E27FC5D5A28010BCB09A5
:106D4000A64AC9078C133E07FC5E3E37FC5DD50C96
:106D500084003E07FF06D50484003E07FC5FC304A1
:106D600084013E07FC5D3A6FAA04DD9E3C0DFA8269
:106D70003A6FA8BC009000015A900304480000D567
:106D800080C280E149001B0B5A00A304480000CDDB
:106D90002E07E7825A085527440000773E07E7820E
:106DA00084003E07FC5C441291588400022080401D
:106DB0008C0196001A2080015A0840FA2E07FE7CAA
:106DC000C8073C0C04333C1C043549FFF0CD84015A
:106DD0003E07E9EE3E07EA2284003E07EA2148002A
:106DE00000A45A087753440292D8842044200040DB
:106DF00049FFFD654402935884204420004049FF28
:106E0000FD5E842044200040440293D849FFFD5792
:106E100044229158842002310040A41080834240D3
:106E200024738004900296011A0100018C219A18A3
:106E30009648120100BF5A1840F044029258501070
:106E4000008049FFFD644412925884002A2080018A
:106E50008C0196001220803F5A0840FAA630C811D3
:106E60002E17FF08C90E2E07FC5C8C019600E60267
:106E7000E909440000663E17FC5C3E07E782D554F2
:106E800084003E07FC5CD5505A08664F440292D8F5
:106E900084204420004049FFFD1244329158802351
:106EA0004400004080818E0102220040A5208C22F7
:106EB0008A449600122080BFC8F62E27FF082E476E
:106EC000FE7C2E57E82F2E97FE4D854FCA120013D9
:106ED0008027C90FA670C90DCC0CCD0B4E93000AAC
:106EE0000281800002118040421428739024AC5823
:106EF00081038C0102140040028400008C628A2805
:106F00009600121180BF5A0840E344029258501074
:106F1000008049FFFCFC440292D850107F803A6FF9
:106F2000A88448FFFCF43A6FA884DD9E3A6F9EBCAB
:106F30003C1DFA9084C1A40858000080AC084400AD
:106F400000703E67E7E34900092A2E07FF07C811D2
:106F50003E07FF473E07FF48440000553E67E82DC7
:106F60003E67FE7A3E67FF073E07E7823E67FE4CBC
:106F70003A6F9E84DD9E3A6F9EBC3C1DFA90440F92
:106F8000FF7F84C0A488FE16AC08440000713E67F1
:106F9000E7E3490009042E07FF075A0801093E07E5
:106FA000E82D84053E07FE7A3E67FF073A6F9E8410
:106FB000DD9E3A6FAABCEFFC812080E280C34900CD
:106FC00009F9C80744521C00843F44021C41D50BF8
:106FD00044A3F04A44800055490009ECC0F41085F0
:106FE0000000D5FB18128001D8FE44521C0084100A
:106FF000AE2844021C0144121C40109000004402C0
:107000001C02AFC044021C03AF8084000822800130
:1070100088029600D9FCFE02AE2884003C0FFAB329
:10702000490009D34413F04A442000553C0DFAB3FB
:10703000C803AE88D5FC84003C0FFAB3EC043A6F69
:10704000AA84DD9E3A6FAABCEFEC84001201000C0A
:10705000120100140000802780E180C25A08010A52
:10706000440003B61201000EFA0412010010D50804
:107070004400041A1201000EFA0612010010FA1858
:107080003C080892440000823C0808948400AE301A
:107090001203000F12030012440FFE0C1203001122
:1070A0008409120300133C0DFA9087C3B4009202C6
:1070B00096065A08010387C42E07FE4DC0094400F6
:1070C00003201203000BFA001203000DD508440040
:1070D00003841203000BFA021203000D2E07FE4E6A
:1070E000F0815A08051C84003E07FF062E07FE6A41
:1070F0005A080106440007081203000E2E07FE6C12
:107100005A0001062E07FE6B5A080111440004E2E2
:107110001203000BFA041203000D2E07FF06844031
:10712000F083505182008082D5374400035212030D
:10713000000BFA041203000DD5F15A0801044800AF
:1071400002D55A08022E22A280000293000EE12AE4
:10715000E92D0213000BE02AE8060213000C882038
:107160001213000C5094815EE12AE8060213001409
:107170008820121300142292800022F30011E12FC4
:10718000E806021300128801120300128C81972076
:107190008CA25A40402C5402001FC006D5CFE60BEB
:1071A000E8208401D5D18404D5CF0213000F40809C
:1071B000001388289649F182021F800442F4F824C3
:1071C00040F7A8071213000FE8C500F380275AF80C
:1071D00001C2F103C9BFF10288281213000FD5BA0A
:1071E000E6114EF202768401D5C72E47E72DCC1A60
:1071F0002E07FF48C817E659E9152E07E82FC812D1
:107200003C03F4255CF00032E80D2E07FC5B8C019A
:107210009600E609E90884013E47FC5B3E07FC5AFC
:10722000D50484003E07FC5B84003C9C0444802021
:10723000804040A4800002550000976B5EF28033CE
:10724000E9038C41969002550000976B5EF2847FB3
:10725000E9038C2196488C025A0848ED5A480127C8
:10726000E6532E07FC59E90F3C2008935CF10049D6
:10727000E90AE625E8082E17FF06C9058C013E0736
:10728000FC59D505C0048E013E07FC592E07FC5958
:107290008420E610E905FA013E07FC5984212E07F7
:1072A000FE7CC0082E07E82FC80584003E07FC5965
:1072B00084200223000F22030012E002E846F001BE
:1072C0005A080205444004B0D5034440025822F154
:1072D0008192220181A5880FE0802E07FF06E9092F
:1072E0005A0001162E37FE7CCB042E37E82FC32D13
:1072F000C80C3CF7FF855EF78FA1E9163CF4092A1C
:107300005EF783E8E90ED5105A08010F3CF7FF85B8
:107310005EF78191E9093CF4092A5EF7A710E804B9
:107320008401AE30D5123C3008933C000894E2034F
:10733000E90A8E14E003E8F52E07FE7CC8F22E075A
:10734000E82FC8EF8403AE302E07FF485A08010922
:1073500084043E07FC58840012030016D52F020354
:107360000010E202E81EA6B05A20030CCA082E271D
:10737000FE7CC207002380275A2001045A180112FC
:1073800084423E27FC5802230014E202E9035A1803
:10739000010584033E07FC58840212030016D50E33
:1073A0000203000C0213000DE220E80584013E07F1
:1073B000FC58D50484003E07FC582E07FE4E5A08A0
:1073C000052C2E07FC582E17FE53E603E8062E0761
:1073D000FE6C5A080105D5075A08030C2E07FE6BF0
:1073E0005A0801085A18011184003E07FC58D50CB0
:1073F0002E07FE525A080109C9073E07FC584400EF
:10740000007D490006CC8404120300162E07FE53AB
:107410005A08010FD50B5A0801092E07FC58C80855
:10742000840612030016D50484041203001622F306
:10743000001222130013E02FE81A2E07FE4DC81782
:107440002E07E7825A0077142E07FE7CC8102E07FD
:10745000E82FC80D2E17E72D5A18010A441000779F
:107460003E17E7828424AE703E07FC5884202E57D6
:10747000E8033C9C03EF800180619688E245E809BF
:1074800038448501E064E80396E380028C21D5F658
:107490002E17FE7CC10D3C2C03F094018802A6013E
:1074A0008E02E60EE80584053E07FE50D5072E073E
:1074B000FE50C0048E013E07FE502E27FE502E07C0
:1074C000FE4DC2082E27FC58CA05C00484413E2741
:1074D000FC582E57FC58CD043E57FF08D504844174
:1074E0003E27FF08D01B0223001502330016E2439B
:1074F000E8058C4112230015D514E205E8088C013B
:107500003E07FE4D840012030015D50BE2A0E809EA
:107510008E0196003E07FE4DD8048400120300152C
:107520002E07FE4DE602E91284213E17FE6C5A0832
:107530000204480000D83E17FE6B5A0803044800B6
:1075400000D23E17FE6A480000CEC8093E07FE6C16
:107550003E07FE6B3E07FE6A8120D5172E27FE6A86
:107560005A200104480000BF2E37FE534E3300BBA3
:107570002E27FE52CA07C9082E17E82F5C908001FB
:10758000D5048123D50281222E17E72DC90CC00313
:107590005A98010684063E07FE4FD50784053E072C
:1075A000FE4FD5033E07FE4F2E07FC5A5A08011026
:1075B0008400441000553E07FC5A3E17E7823E0700
:1075C000FC58AE3044000098490005E92E07E72C2E
:1075D000C8102E17E72D5A18010D441000553E17FC
:1075E000E782AE303E07FE4D3E07FE4F1003802778
:1075F0002E27E72D2E17FE4F2E57FE4E3E27E72C47
:107600002E07FE4DD908CA152E27FC60E240E8116E
:10761000E602E90FE602E905844110238027D5043C
:107620008440102380273E17FE4E84213E17FE4CD7
:107630002E27FE4C3E07FC605A2801388420E602C3
:107640003E17FE4CE9132E17E79B9EC18C213E1777
:10765000E79B8402FA2E96D849FFFCAD2E07FE4D1B
:10766000580000B04900059BD520C0035A98011E60
:107670002E17E79A580000A08C213E17E79A490080
:10768000058E84028040FA2E443000FF49FFFC93AF
:107690002E07E72DC80A441000553E07FE4D3E1741
:1076A000E782AE303E07FE53840249FFEF18842084
:1076B00084618041808344000A0049FFED5E9202AC
:1076C00096063E07E72DEC143A6FAA84DD9E22F25F
:1076D00080005EF787094EF3FD5B8C41969148FF71
:1076E000FD57852048FFFF52840348FFFD2E3A6F67
:1076F0009EBCFA003E0028A344129F103C0C0439A3
:10770000844A44328DC8848049FFC71C84003C0BE6
:10771000FF332E17FE683C2C03ED3C3C03EE84A0A7
:10772000E2A1E80D38011501D808384195013C0364
:10773000FF3388043C0BFF338CA1D5F33C0C043998
:1077400044129F10FA4444328DC8848049FFC6FA1F
:1077500084003C0BFF322E17FE683C2C03ED3C3CB2
:1077600003EE84A0E2A1E80D38011501D8083841E4
:1077700095013C03FF3288043C0BFF328CA1D5F30A
:10778000FA103E0028A384003E07FE6944129F10B1
:107790004420005044328DC884803C0C043949FF99
:1077A000C6D12E27FE683C3C03ED3C4C03F02E175F
:1077B000FE6984A0E2A2E80D38019501D808942959
:1077C0008804A601C0045A00110384218CA1D5F3BA
:1077D0002E47E72D3E17FE694E4300BE2E07E72CCD
:1077E0003C13FF333C33FF323C57FF3C3C27FF3B0D
:1077F0005A080119982A90013C1BFF313C3BFF308D
:107800003C4BFF2C3C4BFF2B3C4BFF2A3E47FE538F
:107810003E47FE523E47FE513C0BFF393C4BFF3783
:10782000D51F3C43FF31840F80C1426200738086C4
:1078300090843C4BFF313C43FF3080C34262007375
:10784000808690843C67FF393C4BFF30992A9081B9
:1078500042430073FA00404200963C4BFF393C0320
:10786000FF318A203C03FF3096498A6096193C1B01
:10787000FF2F88203C0BFF2E960B3C17FF2C3C0B58
:10788000FF2DE020E8033C0BFF2C3C17FF2BE00111
:10789000E8053C1BFF2A3C0BFF2B88453C03FF39C6
:1078A00090419A103CF7FF379603E00F3C0BFF38EE
:1078B000E8033C0BFF373C27FF2B5EF17FB5E80662
:1078C0003CF7FF2A5EF7FFC4E9063CF7FF375EF797
:1078D000FCE0E80484013E07FE522E37FE525A387F
:1078E00001282E17FE69C9242E07FE51E60FE80570
:1078F0008C013E07FE51D51C5EF17FB53E17FE514F
:107900003E17FE523E37FE53E80A3CF7FF2A5EF769
:10791000FFC4E80544000076490004413CF7FF3706
:107920005EF7FCE0E8054400007F490004382E07BC
:10793000FE695A08011184003C0BFF2C3C0BFF2B05
:107940003C0BFF2A3E07FE533E07FE523E07FE5108
:107950003C0BFF373A6F9E84DD9EFC412E4028A2EF
:10796000B69F444000704201907305C00000504E25
:107970007FFFE682E86104400009A04D95228881DE
:10798000A662A7A000920001A7E3C1038E2196483A
:107990002E4028A38E81E0E4E8038CE197F8C6032B
:1079A0008EC197B0B49F8E81E124E80550448001D8
:1079B000549200FF848083C4855FE2E1E91AB4BF7A
:1079C000FF4CF58180A6E325E911048F800189052C
:1079D00038812111E510E907E30A888840A43C1B9F
:1079E00051EF00018CA19768D5EF8C219648D5E620
:1079F00002100027C904842112100027441001F44A
:107A000042457875FF0C0210002744228ED0404278
:107A100004975BC8010538410E0AD50C38110E02D7
:107A200084A5FE6C84A3421214734010940D381187
:107A30000E0A1240000FFCC12E07FC62C0048E012A
:107A40003E07FC622E07FC62C8033E07FC632E075C
:107A5000FC63DD9E8400843F3E07FF243C1FF9C089
:107A60003E07FC623E07FC63DD9EFC40A610A7516A
:107A7000A7129AE83E37E79CA6D39B9C3E67E79DFA
:107A8000C4038E81AF122E4028A38E814C32000495
:107A90008C61AED3C0038E01AE102E0028A28E01E1
:107AA000D0038CA1AF512EA028A28400A750008142
:107AB000000141C504088080E305E92AA79280659A
:107AC0004235187301E100034091840884E040FFCF
:107AD0001806E91C04F080054033A400886F02F109
:107AE000800040F780115EF7801AE90D02F18000F6
:107AF00040F78011880F02F1800040F78011E08F7D
:107B0000E802A5188CC188FCD5E38CA1D5D6C406A3
:107B1000441001F4FE0C40001017FCC0FC438140EF
:107B2000841F3C0FF9C02E002A0BF1825CF000424A
:107B300080E2E905440000413E002A0B2E002A089D
:107B40005CF00042E905440000413E002A082E1086
:107B50002A08440003E8FE0CF08149FFEB6BA6B84D
:107B60004E22008D84C03C0DF9C08086810680A61F
:107B7000E0A2E8170415000138109501D91004158A
:107B8000000238109501E3014002BC1B4080BC1B81
:107B9000E626E9058CC1888197B097218CA1D5E9AB
:107BA00004250005944288223C0FF9C08444B005A6
:107BB000F48349002DFF800AF102B08549FFFF5789
:107BC00081203C03FF43F403C80484013C0BFF43C2
:107BD0002E07E79CC80484013E07E79C2E07E79D1B
:107BE000C80484013E07E79D2E27E79D2E07E79CEA
:107BF0003C53FF435A68020A3C13FF425CF08096F4
:107C0000E8048104FA24D502FA2E2E47E8215A48C6
:107C1000030A3C4DFA90B484928297065A480103B5
:107C2000FA242E47FF20CC2D44400064FF1440F27C
:107C300001F650F7FFBE5CF7803CE823FE14844A4F
:107C4000FE14400014169601E60FE81B8EC1E6C232
:107C5000E818F18249FFEAEEF1025A0802135CF4D7
:107C6000004BE80FE228E80D3C03FF435CF00064A2
:107C7000E80844005208F081D50481228022810264
:107C80003C2DFA90B402920E96065A08010E040595
:107C900000033C4DF9C0380011015CF0012CE804F0
:107CA000440032C8F081B402920796065A080137A0
:107CB00084003C2DF9C0044500043E07FC76840096
:107CC0003C0BFE3A941138220900E64BE8044420AC
:107CD00030D4D50344204C2CE249E9072E27FF4835
:107CE0005A280115A6B8C21284413E27FF48042530
:107CF00000048802A680E64BE905A601C0075A00E9
:107D000011062E002A093E07FC612E07FC61C009FE
:107D10008E0196003E07FC61C80484003E07FF48C0
:107D2000F001E209E9092E07FC635A080115A6389B
:107D3000C013E228E81084013E07FC632E07E82107
:107D40005A080304FA00D5032E002A093E07FC62F4
:107D50008401D50284002E17FC62C10A5A00010773
:107D60009E0996003E07FC62C8033E07FC632E078F
:107D7000FC635A0801048420AE78FCC3FC202E1753
:107D8000FC643C0DF9B58C213E17FC644413F702EA
:107D900084413C5DF9B0AE884413F7089D8196019B
:107DA000AC084403F7184423F04AB6A03C1DF9B7C9
:107DB0004403F71C44300055B6204403F704441F25
:107DC000FFAAAE404403F080AED0A640964858408B
:107DD00080A0AF008400E206E80B3C4DF9B499C5E1
:107DE00088808C01A7209720AF38AED0D5F544030A
:107DF000F080AE404403F04A44100055AE404403C6
:107E0000F7048420AE40FCA0FC40444276009494E9
:107E1000A780A748387208024C62807280442E47BF
:107E2000FC6484A28C813E47FC644443F702449383
:107E3000F04AAF602E47E79F44A000559524888202
:107E400044F27664A5624443F70AAD603C5DF9A84C
:107E50004443F724B6A42E47E79F95248882A16364
:107E60004443F728B6A44443F704445FFFAAAF6035
:107E70004443F08010A48000A7A097B0585300A0FE
:107E8000AF6084A044427664D31F41C29C00004E80
:107E90000000548200FFA70838479000952438411D
:107EA00010028885A7209720104E0000A7083847A9
:107EB000900095243841100288858CA11082000022
:107EC00010A48000D5E04423F08044300055AF90EA
:107ED0004423F04AAED04423F7048460AED0A68891
:107EE00038320800A680A7483852140038520808D3
:107EF000A68838320808A6489648AE40FCC0FC0068
:107F000084003E07E7A12E07E7A144128BC8960024
:107F100084403830820244027700441276FF49FFE1
:107F2000FF75FC80841F3E07E79E84013E07FC71BD
:107F300084003E07E7A03E07FC71DD9EFC00840143
:107F40003E07E79F49FFFFDDFC8044200070A00151
:107F5000420088733A6FA83C225000082270000447
:107F6000226000052240000944300FDF44201ADB64
:107F70004490006442A38C2442128824FEF4FEA4A0
:107F8000402124564031A47640A525564010A43601
:107F900088622220000A40850400441FFC56FE8CA3
:107FA00040A125562220000BEFFCFE8C4011243608
:107FB000894888234E77000B4E670009A0C2A08431
:107FC0004C314005AD44AD05D50D4430006450251D
:107FD00000325010803240210C5640108C36AC8458
:107FE000AC45221000044E1400048420AC4422103E
:107FF00000054E1400048420AC45EC043A6FA8043C
:10800000DD9EA0014420007042008873845F12202E
:108010000008122000091220000A1220000B2E274F
:10802000E70B44028EF838200408DD9E3A6FAABCA4
:108030002E602957EFEC5A600172852080E080C9DC
:10804000448000708542A0B943C4A024885C5434A5
:1080500080FF0001004A5A08010E2211000422018B
:10806000000512110008120100091211000A120184
:10807000000BB4025A0002045A08043A2211000804
:108080008CC197B022510004224100054E150021F9
:10809000220100094E05001D22F1000A4EF50011D3
:1080A00022F1000B4EF5000D80238007F483F5824A
:1080B000F38149FFFF4CF301F502F403D50988254C
:1080C00088044010A83640002816AC54AC15A039DE
:1080D000881C02100008125000081210000A02103A
:1080E0000009124000091210000BD5095A080108B6
:1080F000A41412010008A41512010009A0393800C7
:1081000070025A0006055A000303C8058007802341
:1081100049FFFF798D215A980A98EC1480063A6F2E
:10812000AA84DD9EA141840050328460B4255A1097
:1081300002045A18040E222280084E25000822123A
:1081400080094E150004ACACAC6D8C019600505209
:108150008070DBEDDD9E3C1DF9C8A6088C01AE08E1
:108160003C1DF9C8A6089606C8063C0DF9CA3C0F86
:10817000F9C7D5053C0DF9C93C0FF9C73C0DF9C746
:10818000A64880A01010003F8420181280015000E3
:10819000003C18128001D8FEDD9E3C2DF9C7A65088
:1081A00098D1AE199C0996005CF0003BE90284006E
:1081B000AE10A6108840841FAE11DD9E2E07FF2250
:1081C0002E57FE0C3BFFFCBCEFFCD00FC806440052
:1081D000005249FFFFE4D5054400005149FFFFDF8D
:1081E0002E07FF223E07FE0C2E07FF202E57FE0D06
:1081F000D00FC8064400005449FFFFD1D505440004
:10820000005349FFFFCC2E07FF203E07FE0D2E072F
:10821000FF202E57FE0DD00FC8064400005449FF22
:10822000FFBED5054400005349FFFFB92E07FF20CC
:108230003E07FE0D2E07FF472E57FE0FD00FC80634
:108240004400005849FFFFABD5054400005749FFE3
:10825000FFA62E07FF473E07FE0F3C1DFA902E5744
:10826000FE10B40192079606D015B4019207960647
:10827000C8064400005A49FFFF92D5054400005942
:1082800049FFFF8D3C0DFA90B400920796063E0719
:10829000FE102E07FF212E57FE0ED00FC8064400F9
:1082A000005649FFFF7CD5054400005549FFFF7784
:1082B0002E07FF213E07FE0E2E07FF4D2E57FE1103
:1082C000D00FC8064400005C49FFFF69D505440093
:1082D000005B49FFFF642E07FF4D3E07FE11EC04D3
:1082E0003BFFFC84DD9E48FFE7FF3C0DFA823BFF2D
:1082F000FCBC8423AE41EFFC49FFD8632E07E7F2B4
:108300005A080108440279502E17E82049FFD8A6E0
:108310008400490007958400EC043C0FFFCB841EC9
:108320003E07E7F33BFFFC84DD9E4403F04A441024
:108330000055AE40DD9E48FFED1C3BFFFCBCEFE46A
:10834000F0818005F283F182F384F48549FFE76DC3
:10835000F002F10349FFEB3B4403F04A441000559F
:10836000AE40F001F104F205EC1C3BFFFC8448FF39
:10837000EAEE3A6FA0BC80E084C0E2C7E80C84015A
:10838000844080208062808080A28CC149FFFFD71A
:1083900097B0D5F43A6FA084DD9E48FFEB923BFF87
:1083A000FCBCEFFC49FFEB7FEC043BFFFC84DD9E53
:1083B0003BFFFCBCEFFC49FFEB90EC043BFFFC8473
:1083C000DD9E48FFE7283A6F98BC4462B80000037E
:1083D000000B49FFE7204400003249FFEEA40003F0
:1083E000000B3A6F98845200000148FFE7143C0DDF
:1083F000FA4FDD9E3A6F98BC49FFE5FD49FFE5EB7A
:108400004403F04A44100055AE404413F380A608DC
:108410005A0001FF4463F380840049FFE5FE5A08D7
:10842000010F49FFE60349FFE5D64403F04A441033
:108430000055AE40A6305A0001FFD5EF840149FF38
:10844000E5EC5A0001F03A6F9884DD9E48FFED2973
:10845000C80444220000D50344223000B641C804B9
:10846000442206DCD503442236DCA88DC80444220D
:1084700036DCD503442206DCA88E44220BFCA88AF5
:108480002E20293C5A280109C80444020520D5039E
:1084900044023520A80C44022550140080114402E7
:1084A000620014008012DD9E3BFFFCBCEFF45A0812
:1084B00001173C0C0A453C1C0A40B61F3C0C0A46FE
:1084C0003C2C0A41F0813C3C0A423C0C0A3F3C4CAB
:1084D0000A433C5C0A4449FFE7BBD523843DFE0EBA
:1084E000C8163C0C0A3D3C1C0A38B61F3C0C0A3E20
:1084F0003C2C0A39F0813C3C0A3A3C0C0A373C4C93
:108500000A3B3C5C0A3C49FFE7A3D50B84204401AD
:10851000FFFFB63FF18180418061FD2049FFE79870
:10852000840080208040806049FFE565EC0C3BFFC3
:10853000FC8448FFE550842D3A6FA0BCAE41840016
:108540003C0FFAA1840149FFE63E4463F04A4470BF
:1085500000553C0DFAA1C00D842084618402804145
:10856000808380A33A6FA0843C1FFAA148FFFEE7F6
:1085700049FFE76A5A0801F2AFF0D5ECC804960843
:1085800048FFE7CD5A080105960848FFE95BDD9EE4
:108590003C0DFA4F520000013C0FFA4FDD9E3BFFAD
:1085A000FCBCEFF4B61F3C0DFA82F181A6015A0023
:1085B000060449FFFFEFB43F3C0DFA4F49FFFF4A65
:1085C0003C0DFA4F49FFEAD3F101EC0C3C0DFA4F98
:1085D0003BFFFC8448FFEBD63BFFFCBCEFFC49FFB4
:1085E000E72AEC0484013BFFFC8448FFE72944238D
:1085F000F0759606A650541080FEFE0FAE10DD9E5C
:108600003A6FA83C8460EFFC44428F0480A3385248
:108610000C088C6144A28F045A3812FBA6C8C330E0
:1086200084C0806644800480A708E264E821A144F5
:108630009519888584A00092000180854074840883
:1086400088E238F394115EF78033E9038C81972038
:10865000505280244C547FF7E699E90738452400AE
:1086600084C18C81384524088C6196D9D5DEC60832
:1086700084053E07FC76440001683C0BFE3A2E0759
:10868000FC76C0048E013E07FC763C03FE3AC00433
:108690008E013C0BFE3AEC043A6FA804DD9EA688DE
:1086A0005A28AA08A680AE888420AE4048FFEA4235
:1086B000DD9E3C0DFA843BFFFCBCEFFC5A00040637
:1086C0002E07E7F85A08012C49FFE9FB3C0FFF1E73
:1086D00049FFE5B05A0002182E00293B5A08011440
:1086E0003C0DFA82842FAE4184003E07E7D6840019
:1086F0003C0BF446441277594402775449FFFFD1AA
:108700008403D505FA003C0FFA848405EC04842028
:108710003C2DFA823BFFFC8448FFE108EC043BFF60
:10872000FC84DD9EA6885A20AA0DAE80442FFFAAA5
:10873000AE88A6005A08010448FFE9F548FFE9FAA7
:10874000DD9E8440AE808400AC08DD9E5A080104A2
:1087500048FFE8D948FFE8E9E60DE8433C1DFA3B4D
:1087600044F086703807800040F03C004A003C002E
:108770000E141C242C343C424A525A626A00A0094E
:108780009627DD9EA00992059627DD9EA009920AF4
:108790009627DD9EA009920F9627DD9EA0099214D0
:1087A0009627DD9EA00992199627DD9EA00A96279E
:1087B000DD9EA00A92059627DD9EA00A920A9627C2
:1087C000DD9EA00A920F9627DD9EA00A921496279E
:1087D000DD9EA00A92199627DD9EA00B9627DD9EAE
:1087E0008400DD9E4403F5608420AE404403F561BF
:1087F0008423AE40840080208040806048FFFDFCE0
:108800004403F5608421AE404403F5618422AE4008
:10881000840080208040806048FFFDEE4403F560C6
:108820008423AE404403F5618420AE408400802060
:108830008040806048FFFDE04423F04A3BFFFCBCE1
:1088400044300055AED0EFFC4433F380A6985A2054
:1088500001FF4E130088A6018E01E60F4EF200F6CE
:1088600044F087703807810140F03C004A003C002A
:108870001E00D8012A0094002A009400940094005D
:1088800040004000A000A00094002A00D000EC04AA
:1088900084023BFFFC8448FFE6422E001454C84B80
:1088A0004413F5168405AE084413F517AE08D543F6
:1088B00049FFFFB6440006A449FFEC3549FFFFA27B
:1088C0004400028A49FFEC2F2E001454C8084413B8
:1088D000F5168405AE084413F517AE08840149FF68
:1088E000E49F840049FFFDE28440840180A084224B
:1088F0008062808249FFFD23840149FFE870840182
:1089000049FFFE77EC0484003BFFFC8448FFE60748
:1089100049FFFF86440006A449FFEC0549FFFF72AA
:108920004400028A49FFEBFF840149FFFE62840094
:1089300049FFFDBCEC0484003BFFFC8448FFE78258
:108940008440840180A084228062808249FFFCF7F9
:10895000840149FFE844EC0484003BFFFC8448FFA9
:10896000E5DE5A180168A6018E03E60DE86E44F0B4
:10897000887C3807800040F03C00DD0F0E1A0E1A8C
:108980001A1A26265C5CCC0E8A00EC0484013BFF9C
:10899000FC8448FFE757EC0484013BFFFC8448FF5C
:1089A000E5BE840149FFFD82840149FFE5B82E0739
:1089B000FE7BC80F4400005549FFEBB5840349FF17
:1089C000FD75440004A649FFEBAE840149FFFD6E2E
:1089D00084003E07FE7BD522840149FFFD678401A8
:1089E00049FFE7304400005549FFEB9D840349FFF0
:1089F000FD5D440004A649FFEB96EC0484013BFFB7
:108A0000FC8448FFFD53840149FFFD5049FFFEEC03
:108A1000840149FFE58449FFE776840049FFFDE9C9
:108A2000840049FFE7DCEC0484003BFFFC8448FF42
:108A3000E3F75A18020B840149FFE571EC04840046
:108A40003BFFFC8448FFE7CBEC043BFFFC84DD9E4E
:108A50002E07E7DB5A0801433BFFFCBCEFFC49FF54
:108A6000E3E9C8393C0DFA8EA6405A1801FFA6006A
:108A70005A0801323C0DFA75A6005A08012D3C0D2A
:108A8000FA82842AAE41842049FFFED83C0DFA8246
:108A9000842BAE412E07FF1C5A08010B2E07E7A7B7
:108AA000C8074402A02C4412777949FFFD7A3C0D97
:108AB000FA4F4412795049FFD37A3C1DFA8E840054
:108AC000EC04AE083C1DFA75AE083BFFFC84840143
:108AD00048FFD29AEC043BFFFC84DD9E3A6FA0BCB9
:108AE000440000FD49FFE7F14463F0674473F04A36
:108AF000A6305200000149FFE38E4400003249FFD6
:108B0000EB12A6305200000149FFE385440007D074
:108B100049FFEB0944000055AE38D5EBA4408C2149
:108B200096495CF08190AC40E90D3BFFFCBCEFFC4A
:108B3000840549FFFB34840049FFD26649FFFFD01A
:108B40009200DD9EA740D9108CA19768E6A5E902A6
:108B500084A0AF40440FFFAA3E07E7F5440218BCCB
:108B6000A600C814DD9E3BFFFCBCEFFC840649FF59
:108B7000FB16441218BCA6088C019600AE088400AF
:108B800049FFD24249FFFFAC920084013E07FF45F6
:108B9000DD9E4413F7018400AE0844124C88B441B2
:108BA0004413F100B64144124C784423F10EB42131
:108BB0009649AC5044124C74B4414413F114B6417C
:108BC0004413F702442FFFAAAE084413F704AE087B
:108BD000AE88AE084413F705442FFFA5AE88AE0853
:108BE0004403F7008421AE40DD9E3BFFFCBCEFFC5C
:108BF00049FFE320C806EC043BFFFC8448FFE7A0E4
:108C0000EC043BFFFC84DD9E3A6FA8BC80C281204F
:108C100080E149FFE79549FFE7A644201A04FE14C6
:108C2000E206E8138AC0442186A040230857102496
:108C30008000440E7960969042610073440013886E
:108C4000406300D7AFB8D505842010148000AE78FB
:108C50003A6FA884DD9E3BFFFCBCEFFC49FFE2EAD3
:108C6000C80849FFE76DEC043BFFFC8448FFE7546C
:108C7000EC043BFFFC84DD9E3A6F98BCEFF880C0AB
:108C80008001F28149FFE73FF00149FFE767840176
:108C90003E07FE1AA6303E07FE1984003C0FFAA5D7
:108CA00049FFFFDB840149FFE6222E07FE1A5A081E
:108CB0000109842080418061FD2049FFFB40D5F6F9
:108CC000EC083A6F9884DD9E3A6F98BC80C08001B2
:108CD000A648C1068423442000F149FFFFCFA630F7
:108CE000C00680068423844D49FFFFC8840749FFDE
:108CF000E70A840049FFE73284003A6F988448FF0E
:108D0000E5F63A6F98BC80C0A6009401AE30A60884
:108D1000C00644100064FE0C49FFEA05A6303A6F15
:108D2000988448FFFB283A6FA0BCA78080E0E6CB80
:108D3000E9068ECA840A97B0AE38D50284C0A63838
:108D4000C0038C01AE38A638E603E9038C01AE38C7
:108D5000A608C00644100064FE0C49FFE9E4C606FC
:108D60009431540000FE49FFFB06A678C10A8440F6
:108D700084028461848380A23A6FA08448FFFADF72
:108D80003A6FA084DD9E3A6F98BCEFF080C1F0810D
:108D9000501F800F500F800EF20149FFFF375A68B5
:108DA000020C84013E07FE16501F800F500F800EEC
:108DB00049FFFFBBD50C500F800E501F800F5A6823
:108DC000010549FFFFA0D50349FFFF8049FFFF458B
:108DD000EC103A6F9884DD9E3BFFFEBCEFF08060A4
:108DE0002E07FE135A08010A84003E07FE134600B0
:108DF000010C500008E0D50C5A100A074600010C7F
:108E0000500008E0D505460000F450000240E6643A
:108E1000E833F28144F08D2438378C0040F1BC00F7
:108E20004A003C0004360A3E49FFFF17D5252E278D
:108E3000FE152E37FE14CA02C311441186A0FE5C33
:108E4000846A40108C36443FE5FC42010C738A0171
:108E500084203E17FE143E17FE15F10149FFFF95D1
:108E6000D50B4620010C500F800E501F800F502153
:108E700008E049FFFECBEC103BFFFE84DD9E920034
:108E8000FC202E102A3480C04432B80084004440B4
:108E9000003C9680E241E80698838C011041018CE9
:108EA000D5F93C0C043944129F1080668481FA5332
:108EB00049FFBB488400843FAC31AC72AC33A6F0B0
:108EC0003C4C03ED3C1C03EF3C5C03EE84009680BD
:108ED000E243E81A3872010196814C71401438203F
:108EE0008101A5F2E247E802ACB238208101A5F188
:108EF000E2E2E802ACB138228101A5F3E2E2E80245
:108F0000ACB38C01D5E5FCA0FC403C3C03F18440B3
:108F1000A7803C7C03ED3C9C03EE8C618002548175
:108F200000FFE306E82939E3890140F10013A7585F
:108F300001C1FFFFA71A00A180014DE7C01BE71484
:108F4000E81638F08800E8155AF801128CA18ABC9E
:108F50009768E6A6E80C8C818A8A9720E686E8075F
:108F6000E602E90738448901E692E9038C0196009C
:108F70008C418C64D5D5FCC0FC408480812484C79E
:108F800044700064A640E281E83E3C1C03ED38508A
:108F90009101DC363C1C03EF381091015CF08083BA
:108FA000E82F3C1C03F1956288A1A669A6E88C21F4
:108FB0008A23A6EBA76A8C618A65964896D8E261F7
:108FC000E90480A380618025E663E90842F09C24DF
:108FD00040F78DF65EF7812EE913E628E911E69455
:108FE000E80E995440109837A6E888235CF080FF7B
:108FF000E8039648D503441000FFAE6885248C81B1
:109000009720D5C18009FCC0FC428480F083800495
:10901000F303A6D8E283E86A3CAC03ED38551101AE
:10902000B6BFDC613C3C03F1956288A300828002FC
:10903000A7A901C28000A6EB3C5C03EC8128F58265
:1090400084A0E269E924FAE242749C24F78180FC5E
:10905000E2C7E91804FF800105EF800240F79C0099
:1090600040F7801338FF3D005AF0FF0A38F53D0104
:1090700005EF80004CFF40048CA197698CE197F8C4
:10908000D5E850748001549380FFD5DCC52C8CC189
:109090008C618ADC8A6897B096D8FEF4C324446059
:1090A0000064FF7440628CD684AFE2A384A3806125
:1090B000423794734450D70C38328C00E0C3E81325
:1090C000E694E8109814406198D6A7408CA188A631
:1090D00097695CF280FFE8039768D503445000FF6E
:1090E000AF40FA008C819720D594FCC2FC4480C02C
:1090F0008420B003FA44490023673C0DFA90B42061
:109100008400922796465A100152B00149FFFEBAD8
:10911000020F80035CF00083E90884003E07FC7EB8
:1091200084003C0BFE3ED5402E97FC7E84E04E939F
:109130000006E6C584E1E90284E28027B083B0013D
:1091400049FFFF1C80C08027B001B08349FFFF5E4C
:10915000FE3796004E920013C0038400D50C3C13DA
:10916000FE3E8C2196495CF0812C3C1BFE3EE908BA
:109170003E07FC7E3C0BFE3ED5033E07FC7E2E07E1
:10918000FC7EC012B001B04349FFFEC0C8063C03DC
:10919000FE3E5CF0012CE808440000823C080850C8
:1091A00084013E07E7BC2E07FC7EFCC43BFFFCBCF1
:1091B0008401EFFC49FFCF284403F04A44100055D6
:1091C000AE4049FFCF0AC8153C0DFAB0C8122E07B1
:1091D000E7F45A080106440277F449FFFCA18440F1
:1091E000840180208062808280A249FFF8A8D5EAAD
:1091F000EC043BFFFC84DD9E84A08E02842CE0A066
:10920000E8059915A721AF18D507D803AE58D5049E
:1092100038411400AF188CA18C615A5820F2DD9EA1
:10922000502000202E1014475A1001048420D5022B
:109230008423181000014C017FF7DD9E5A080112AB
:109240002E07E7EAC8102E001444E605E9075A0085
:1092500005058E029600D5028404802048FFDFF8C1
:1092600048FFE002DD9E2E002D26DD9E5A080405F3
:109270003C03FE41DD9E3C001691DD9E5A0804052C
:109280003C03FE40DD9E3C001692DD9E2E07E83C2E
:109290005A0001053C001688DD9E440003E8DD9E6F
:1092A0002E17E7E3C90A84423E17E7C03E27E7C20C
:1092B0003E17E7FB1010001DDD9E2E17E7C23A6F28
:1092C000A83CEFFC5A18020B2E17E7C0C9072E174F
:1092D000E7C18E225C108001D50284202E4028A395
:1092E0003C9C043E95A18EC19FE184A0846144A270
:1092F0008F1852800000E0A6E81BD71740F28408C0
:109300004024BC0050F7800240F4BC00A49002F757
:1093100080008A4F9693E00238251509E903E0485A
:10932000E8045A18010384628CA19768D5E55A189D
:10933000011E44228F1884208122FF42E027E81674
:1093400038610511E006E80740A0900038F12911C6
:10935000E00FE908E0C5E807998C38649911E0C589
:10936000E80284628C219648D5EAEC0480033A6FC7
:10937000A804DD9E3A6FAABCEFC48440F08A440082
:10938000FFFFA88AA80B2E002D14F181E610E80635
:10939000522000109690F282D502F282E6118040AF
:1093A000E902FA409610F0843C0C043E2E7028A38B
:1093B000F0853C0C043C3C4C043FF0863C0C043DE6
:1093C0008540F0872E07E7C02E87E7BDF0882E077F
:1093D000E7C12E37E7FBF08994399E81F2838A47F3
:1093E00094918844F28B88049EB980CA80AA4492E2
:1093F000A270F28CF08D2E0028A39401E0A04EF212
:1094000000ADF00594A98802F106A58040F088001F
:10941000F10202F78000FF8CF10441C208004267AC
:109420008473F10792C497B141E08800AD80A580B4
:1094300002FF00008ACF97B3126E0000026E000098
:1094400040F300113C60168DFFB240F79807E81C0E
:10945000F1085A100105F1095A18021738649400EE
:109460003CF0168E8CC197B040F79806386494088B
:10947000E811A580850197B1126F000084C038649F
:1094800094088148D50738649400C6048EC13864B6
:109490009408F10102F00000A18AE2CFE803A58060
:1094A000A98AF101A58004F08003E2CFE803A400BB
:1094B000A80BF00AA6015A080A053C60168BD503D2
:1094C0003C60168C020E00009603E0C0E842E2A762
:1094D000E822CD0F8C42884440030809A49096935B
:1094E000E002E936F10DA4889693E002E931D53126
:1094F000F00CD82E8E42884440030809A49096931D
:10950000E002E92698AF94918844A4909693E002F3
:10951000E91FD51FDF0E8C42884440030809A49040
:109520009693E002E915A4A09693E002E911D51103
:10953000F003D80E8E42884440030809A490969305
:10954000E002E906F10BA4889693E002E802846148
:109550008CA1976848FFFF513E87E7BD3E37E7FB88
:1095600049FFDE685A00023E3CF400C55EF7803CCD
:10957000E8382E07E7C05A0801352E2028A38400BA
:1095800094913C4C043F8020E022E80D94C988640B
:10959000A4D896DB5EF1803DE9038C0196008C2116
:1095A0009648D5F35CF00021E91C3C3C043D3C4C62
:1095B000043C3C5C043E84002E1028A39449E00146
:1095C000E812944199E140918400A4B888259691CD
:1095D00012248000A4B88C019691AC889600D5ED39
:1095E0004EA200073C0016928E033C0BF4313C0D5A
:1095F000FA82A6015A080A07800649FFFE603E0764
:10960000E7C2EC3C3A6FAA84DD9E4403F04A3BFF7C
:10961000FCBC44100055EFFCAE403C0DFAB0C81243
:109620002E07E7F45A080106440277F449FFFA7856
:109630008401844080208062808080A249FFF67F80
:10964000D5ED3C0DFA82842AAE4184213E17FE7B83
:10965000842149FFF8F33C0DFA82842BAE412E079A
:10966000EA18C809EC048401842B84423BFFFC8483
:1096700048FFFBB4EC048401842B84433BFFFC844F
:1096800048FFFBAC2E0028A3DD9E5A0801292E07B7
:10969000E821C00F4412BC11840A082080018E0109
:1096A00096001020FFDAC8FA2E07FC76C80DDD9E62
:1096B0004412BC01840A082080018E01960010200B
:1096C000FFEAC8FAD5F284004432B80084439843D4
:1096D0008C01102083EC5A080AFCDD9E8400443281
:1096E000B800804098438C01102083EC5A080AFC93
:1096F000DD9E3C4017E85A080111C912E642E90A0A
:10970000CB092E17FF4D3C0008505A1001088C0F52
:10971000D5053C48164DDD9E84003C08164DDD9E67
:10972000FC21FD30A600B65FF38149FFFFB0A630F3
:10973000A679B45FF30149FFFFDEFCA1FC4185017E
:10974000B61F80818120838185404004A001E320F1
:10975000405E28014C5780234074A000E2E9400E8F
:1097600028004067800040037C0892E1FFC792C157
:109770008007802680478066F48149001FFBF40142
:10978000E281E9094C124005B43FE220E904810777
:109790008146D5DC81278386D5D9E602E8DE8008BC
:1097A000802AFCC13C0DFA90B4009205960F3C0F44
:1097B000F9C55A00010684203E17FE1ED5033E0758
:1097C000FE1E8E02E602E8072E07FE1E580000026B
:1097D0003E07FE1EDD9EE665E90444100078D503D1
:1097E0004410003C3C2DFF3BC2039449964944225F
:1097F0008C3438310101E261E80338110109380184
:109800000101DD9E3C1DFA37C80402008014D50317
:10981000020080159601DD9E3C2DFA3B4430003C51
:109820000211001242100C73800144120000FE0F5E
:109830003C0FFA37B420922796465A180104B40018
:10984000D503B40292039637DD9E2E3029505A304C
:109850000104480000ADFC4081003C0DFA828122E9
:10986000A6015A000A045A0804203C0000D93C60B2
:1098700014C5E22040103C1B99CEE22697F9E8047B
:109880009A719789D50284C0840C49FFFFC780680C
:109890002EA0299DA09AA05B402100574000801770
:1098A00096919601D5633C0000D82E27E821E2204E
:1098B00040103C1BC2052E07FC145A0801053C60F1
:1098C00014C4D5033C6014CD99CEE22697F9E80480
:1098D0008AC197B1D50284C02E07E80CC81EC20504
:1098E0002E17FC145A18010B3C6014C450730096D8
:1098F0005CF3009797F9E90ED5093C6014CD5073DD
:1099000000965CF3009797F9E90750637F6A97B177
:10991000D50484C0D50280C084012EA0299C49FFB3
:10992000FF7D41C0001349FFE51D5A0801082E07BD
:10993000FE7A5A0804042FC7E7802E07E821B448AE
:10994000041400015A00030840217057969140000A
:10995000F017D50B2E37E78C2E07E791FE1C402120
:10996000005796914000801796015CF38401802790
:10997000E903441004009649E222E805000480004F
:109980008C01D504E206E9FB840010048000000489
:109990008000E3408401E80A8400100480002E0760
:1099A000FF448C013E07FF448402FCC08401DD9E1D
:1099B0003C1C00393C5DFA3BD1062E1028CE8A01B2
:1099C0009600DD9E840CDD9EFC4580C0B40084E0E2
:1099D000810281218C10B0488442F788F78949FFC1
:1099E000DAB3B406B04950000034844249FFDAAC1F
:1099F000B426B0078C308442127F800E49FFDADB38
:109A0000B426B00750108034844249FFDAD484630E
:109A1000B406B047FA4049FFDABB020F800E44A2F9
:109A2000B800B6083C0DFA56A4708442020000113A
:109A30008A010015000F920140000437101400182D
:109A4000B426841E120F800E8C30B00749FFDAB3A3
:109A5000B426B00750108034844249FFDAAC8464E5
:109A6000B406B047FA4049FFDA93020F800EA470A3
:109A7000140400013C0DFA568442020000118A01D0
:109A80000015000F92014000043710140019B4268D
:109A9000B0088C3049FFDA58B426B0095010803431
:109AA000844249FFDA51000500C884A10045001036
:109AB000B6BFF5840035000FF082A072B406A0B6E0
:109AC000F781F78349FFD9EDA036B0488C10844266
:109AD00049FFDA3AA036B04984425000003449FFC9
:109AE000DA33A03649FFD9BAA076500F801E8C30E9
:109AF0008442127F800F49FFDA5EA076500F801EED
:109B000050108034844249FFDA56A036501F801E20
:109B10008047846349FFDA3C020F800F846412049B
:109B20008005501F801EA036804749FFDA31020FA2
:109B3000800F221F801012048004440000ABFE44FA
:109B40009028121F8010221F80128442FE44902809
:109B5000121F8012221F8011FE449028121F8011B4
:109B6000221F8013FE0CA0769008120F80138C30F9
:109B7000B00849FFD9E9A076B0095010803484427A
:109B800049FFD9E2FCC5FC4A80C1814280E08420C3
:109B9000FA54B002509F802C49001E168420FA54BB
:109BA000800949001E11806A842084004420FFFF40
:109BB000AC701213000912130008AC77AC76AC73CA
:109BC000AC72AC71AC74AC75B60AA8993E17E80BD0
:109BD0001203000A3C1BF44DA81CA89D8007804A74
:109BE000802649FFFEF322A300053C0017EAE1406E
:109BF000E80484013E07E80B3C00146A3C5C04392D
:109C000094018805D020A468964B5EF0FFF1E8101F
:109C10003C1000C18C213C1800C1A468964B5EF03A
:109C2000FF9CE8063C13F44D8C213C1BF44DA468CA
:109C3000964BE435E9063C1000C08C213C1800C06E
:109C40008CA2D5E1844004838006B0C2808280A2C9
:109C50005001004884E051E1006CF081F101400FB7
:109C60001C00882788088828A400A4489603964BDF
:109C70009A414E140003FE4A5EF000429649E907FD
:109C8000E639E80FA4188C01AC18D50B5EF07FBF45
:109C9000E808E639E806380488018C0138048809A8
:109CA000507380245A7BF0DC0A018001E614E90439
:109CB0008CA19768D50738048801E614E9038C81E4
:109CC00097208C425A2824C6E6A4E804E68484003F
:109CD000E90284013E07FEFC2E07E7E15A08010B6A
:109CE0004402192412A000002213000A440219267B
:109CF000AC40FCCAFC40A68A5A2801128440AE89B6
:109D00003C2DFA90B44292479686C203844AD50607
:109D10002E27E8215A2803FCFA44AE8884A0446028
:109D20000FFF80E53C20146AE2A2E834A08694E9A3
:109D30008843A510A68A97235A280107AFC9042093
:109D400000118843D52101C08000A68904A000111C
:109D5000E25CE90F40850C000224000040910011F4
:109D6000022400004094F1368A49969312240000A0
:109D700040250C00A4D096DB88645EF18FFFE806D6
:109D8000A4D088839723AD10D502AD908CA197699C
:109D9000D5CAA609A688E202E8038C01AE098400B0
:109DA000AE0AFCC03C1DFA832E27E821C9603C1D89
:109DB000FA90B42192229646C95ACA592E17FE7CAF
:109DC000C91A3C33FF435CF18078E8219681501139
:109DD000007896092E17FF20C95250F1FFCD5CF78D
:109DE0008031E84D3C13FF425CF080AFE848500101
:109DF000005FD53B5A18010A3C23FF435CF1007811
:109E0000E8065000005FD5315A1002062E27FE8862
:109E10005A28020A3C23FF435CF10078E812500004
:109E2000004BD5235A1003062E27FE885A28030C10
:109E30003C23FF435CF10078E80650000041D51553
:109E40005A1803F48E24E627E9062E17FE888E247E
:109E5000E627E8093C13FF435CF08078E8045000F3
:109E6000003CD503500000649601DD9E5A2803058E
:109E70002E0029C2DD9E3C0014B5DD9EDD9EFC0057
:109E800080C02E07E8215A08030A2E0829C449FF7A
:109E9000FF8BAC302E0029C2D507840049FFFF8418
:109EA000AC303C0014B5AC34A4305CF00028E803BE
:109EB000FA18AC30FC80FC492E27E821CA042E7029
:109EC00029D2D5034470003C22200000223000013A
:109ED000B1819AD34E340003FEDAACF04637FFFF6F
:109EE00050318FFF5090FFFF882394C938500511DF
:109EF00098432210FFFF9A694E140003FE4A3CA7C4
:109F0000F434970BE142384325093C87F433E908E0
:109F1000E048E90622F300008421E0EFE8038440F2
:109F20008022E145E909E0A8E907E0E4E905884580
:109F30008C219693964B9CC2878140FE2406E8258F
:109F40002A0180012241800041E010014FE4000419
:109F500053EF00002251FFFE9B054E440003FF22F9
:109F6000E09E404F3C1BE14038437109E90BE0089B
:109F7000E90940F20011E0EFE90588409C09969359
:109F8000964351CE0001D5DA2E0029D4E001840099
:109F9000E804400104169603FCC9FC4984C0F08122
:109FA00081218143FB1445C000AB44700480F00163
:109FB000842088064220A024B0C23820080138211D
:109FC00085098C215A1820F8800349FFFF7638054F
:109FD000180980402E00296884A04021000C969327
:109FE0004021200840217056401498003800940108
:109FF0008A023800940950528024DFF98CC25A68D2
:10A0000024D8FCC9FC458420B63F80C05090048011
:10A01000B1C18548842038030501380385098C21A6
:10A020005A1812FB8429800749FFFF47120F80004E
:10A030008429500F801649FFFF40120F800180468F
:10A040008420E341A4D0380FBD018C218A601A31ED
:10A0500000015A1812F8506300244C64FFDDFCC55F
:10A06000FC002E07FF4D84C05A0001182E07E8217E
:10A0700084C25A0003132E07E80CC8052E00293CA1
:10A080005A0001073C0DFA8384C15A08010384C2B7
:10A0900049FFD8D0C80284C32E07FEFC5A08010627
:10A0A0002E07FEFDC80284C62E2029D12E0029D6F7
:10A0B0009E51FE443E0029D28402400080168E014B
:10A0C000FE3496033C0BF4343E27E7C6FE038C4176
:10A0D0003C0BF4333E27E7C7FC80FC02B61FF1813E
:10A0E000F282F38349FFFFBE2E07FEFDC0102E074C
:10A0F000E8215A0003062E07FF4D5A08010FF0020F
:10A10000B43FF201F30349FFFF7FD507F002B43FEC
:10A11000F201F30349FFFF43FC82FC41F0814E3220
:10A12000009C9FD997F8C4079FA1E671549300FF44
:10A13000E80AD505E6714EF2008C81249D9954837E
:10A1400000FFD502FB01E69FE8059DA155C300FF76
:10A15000D50345C0001F3CADFA90B4CA92C29786A1
:10A160005A680105446000C8D503446000963CF37A
:10A17000FE3AE81250F27FE75CF78005E80D50F1F7
:10A18000FFF95CF78004E808E046E806B4CA92C527
:10A19000978F5A60015B2E67FF4D5A6801453C6CF2
:10A1A000043983C684C0E307E919814940FE2806C3
:10A1B000E91281E7FA0242F5007340F7840840FF94
:10A1C0003C0002F78000E9038CC197B08D4154A593
:10A1D00000FFD5ED8CE197F8D5E7E624E9183C734C
:10A1E000FF425CF380C8E813F0013C7C03F1940269
:10A1F0008807A7C04C71800BA7C14C718008A7C20B
:10A200004C720005A6034C02400384C05EF100C9F5
:10A21000E904E627E90284C0E682E8065001FFF877
:10A22000E602E80284C02E07FEFC5A0801055EF132
:10A23000005AE90B38F28D11020F8014884FE0406C
:10A24000E904CE038006D51244008000D50FFB013F
:10A25000812448FFFF7CC4079FA1549300FF80E343
:10A2600048FFFF6E80E448FFFF6AFCC1FC00441316
:10A27000F04A442000553C0DFA8EA600C803AE8873
:10A28000D5FB49FFF0B63C1DFF6DC804440FFFA08D
:10A29000D503440FFFA1100080513C0DFA82A601A6
:10A2A0005A08040584013E07E81C4423F04A443060
:10A2B00000553C0DFF6D001000515A10BB04AED08C
:10A2C000D5F9842010100051FC805A0001055A0075
:10A2D0000307DD9EA488841BFE16D504A40858003D
:10A2E0000004AC08DD9E00008E01E60BE84F44F050
:10A2F000A1FC3807800040F03C00DD0F0C10148EEC
:10A300008E8E8E8E8E868A008406DD9E8407DD9E6C
:10A31000FC404473F04A4490005549FFD6C980C0C0
:10A320005A00020510938000D5F9840149FFD6D365
:10A3300049FFD6933C0E050749FFD6993C0E050808
:10A3400049FFD6A63E00142549FFD6AE3E00142490
:10A3500049FFD6A43E00142684214402A37C49FF71
:10A36000D6BF800649FFD6B74463F04A4470005513
:10A3700049FFD69EC003AFF0D5FC49FFD6AC84019F
:10A38000FCC0FA00DD9EFA01DD9E8401DD9E920094
:10A390003C1DFF6D10008060DD9E3C0DFF6D0000D8
:10A3A0000060DD9E3C1DFF6D100080613C1DF9C703
:10A3B0001000803EDD9EFC005A0806048401D5048E
:10A3C0005A08070684003E07E7E3D5235A080D0E16
:10A3D000840084213E07E7E33E07E80784013E1737
:10A3E000E81149FFD177D5155A080E0B8401842056
:10A3F0003E07E7E33E17E8113E07E807D50A5A088B
:10A4000010048401D5045A08110584003E07E7E1D1
:10A41000FC805A00030A5A080410A450440FBFFFDE
:10A42000FE0EAC10DD9EA41058004000AC1084005D
:10A430003E07FF23DD9E8402AE20DD9EFC01F181FC
:10A440005A0005055A000617D526F00149FFE570A8
:10A450002E07E82D5A0801202E07FE7A5A08011C03
:10A4600084003E07E82D84023E07FE7A49FFE003A0
:10A47000D51249FFE5822E07E82D5A08010D2E0757
:10A48000FE7A5A08050984003E07E82D3E07FE7A49
:10A4900049FFE201FC8100008E07E606E82644F051
:10A4A000A3AC3807800040F03C00DD0F060E3C18DE
:10A4B0002634A41058000010D517A450440FFFEF05
:10A4C000FE0ED512A450440FFF9FFE0E5800002030
:10A4D000D50BA450440FFF9FFE0E58000040D5043A
:10A4E000A41058000060AC10DD9E9200FC43000FE9
:10A4F000803C80E1F081A609B65F80C38124F582AB
:10A500005A08040584203E17E81C3C1DFF6D00100E
:10A510008050C1035A18FB11B41F4412775949FFE8
:10A52000F103440000553E07E82A84003E07E8187E
:10A5300084014800010A5A00010949FFD67B5A08E4
:10A540000205840149FFD9C4B41F4412775949FF59
:10A55000F0A884003E07E82C3C0DFF6D84203C1FD2
:10A56000FAA50020005000A000518401100F8017B0
:10A57000A639403110095481000F5A080413F381A1
:10A58000F1832E07E7EA49FFD19AF103800749FFDB
:10A59000F155840149FFC53849FFC525F301D53977
:10A5A000F0015A0804075A38020C5A88010AD55992
:10A5B000F0015A0805065A3802045A800253A63898
:10A5C0005A00010A4403F04A44100055AE403C0DC5
:10A5D000FA8ED51384003C0FFAAD4403F04A4410C0
:10A5E0000055AE403C0DFAADC8EEF38149FFD622CE
:10A5F000F3015A0002F9D5E7A640C1FFA6005A00B0
:10A6000002093C0DFA75A6405A1802048420AE4097
:10A610008E61E66B4EF2007D44F0A52838378C0041
:10A6200040F1BC004A003C000C38E6E6949EAEC8FF
:10A63000E6E6D40044027736441277EC49FFF08313
:10A64000B41F4412775949FFF02C8008802A8047B4
:10A6500049FFD16C3C0DFF6D842010100050D5587F
:10A6600084013E07E82C5A88010C8400100F8017E3
:10A670002E07E7E3C81B841F3C0FFFCBD5175A8872
:10A68000020C8400100F80172E07E7E3C811841F07
:10A690003C0FFFCBD50D5A8803053E07FF4AD50A6C
:10A6A0005A88040949FFF21CD50584C4D50484C521
:10A6B000D50284C184013E07E818D52B8008802686
:10A6C00049FFFE05D521800880274422778C49FF69
:10A6D000FE0D9780D51E8008802A8046F302504FD9
:10A6E000801749FFFE98000F80175A08020ED510F8
:10A6F0008008802A804649FFFEA3D5068008802A6C
:10A70000804649FFFECBB40684CBB609D50284C18E
:10A71000000F801784205A0001055A080207843B65
:10A720003C0DFF6D101000502E07E82CC80C4402A1
:10A730007736441277EC49FFF006B41F441277597C
:10A7400049FFEFF28006FCC35A0807125A100308AB
:10A750005A180454A458440FBFFFD54CA4185800ED
:10A760004000AC1884003E07FF23DD9E5A080B29E9
:10A770008E27E626E84644F0A6843817840040F089
:10A78000BC00DD0F060E7C162432A4185800001001
:10A79000D532A458440FFFEFD52DA458440FFF9F86
:10A7A000FE0E58000020D527A458440FFF9FFE0E30
:10A7B00058000040D520A41858000060D51C5A0845
:10A7C000080E5A1005085A180619A458440FFF7F9E
:10A7D000D511A41858000080D50E5A0805135A1038
:10A7E00001085A18030BA41858000004D504A458F3
:10A7F000841BFE0EAC18DD9E44021C50843BAE4010
:10A80000DD9E9200FC42812144121C50F081F282B4
:10A81000F383A608A78844121C519204A7C8979FE7
:10A8200097F85A0801249E31E602E90F5A600304A2
:10A830005A6805323C0DFF6D000000605A00A10609
:10A840002E07FF405A00012844027736441277EC65
:10A8500049FFEF79440277544412775949FFEF21B9
:10A86000FD03F20149FFD062D5169E47E622E905B5
:10A870005A000B045A08051080268047F302F4039F
:10A8800049FFFF648401100480003C0DFF6D8420AB
:10A8900010100050FCC2FC2080C18420AE40B402E5
:10A8A00080E2920796065A08010F2E07E8215A08FF
:10A8B00003084400009949FFEC7249FFCC62840010
:10A8C00049FFE336B40792079606C80349FFE355EC
:10A8D0002E07FE7A5A08010649FFDDCD8402D5060F
:10A8E0005A08050749FFDFD784003E07FE7AB40700
:10A8F00096065A080106A43058000001D504A47039
:10A90000841EFE0EAC30B407920296065A08010669
:10A91000A43058000004D504A470841BFE0EAC3093
:10A92000B407920496065A080106A4305800001095
:10A93000D505A470440FFFEFFE0EAC30B407A4B0F1
:10A9400054100060440FFF9FFE16FE0FAC30B4079A
:10A95000920E96065A08010AA43058004000AC3006
:10A9600084003E07FF23D506A470440FBFFFFE0EF0
:10A97000AC30FCA0FC0080C049FFFD1F5A680306F4
:10A9800049FFC4198006D5385A680E0C2E07FC14EE
:10A990005A0801323C0DFA82A6015A08030AD5066C
:10A9A0005A600DFA5A6002F8D5268402D525840033
:10A9B00049FFD77F3C0DFA82A7815A680B0B842A86
:10A9C000AE41842049FFEF3A3C0DFA82AF81D50AAF
:10A9D000842049FFEF3349FFD42D5A08020449FF70
:10A9E000EC8649FFD4275A0802E23C1DFA828443D0
:10A9F000AE89D5028401FC80FC003C0DFF6D000097
:10AA000000505A08130E49FFD4155A00020A3C0D93
:10AA1000FF6D84201010005084013E07E7F8FC8091
:10AA20003C0FFF6EDD9EC1245A18040744428F98E4
:10AA300084A13852000844428D1C4C110015C304F7
:10AA400085E35A10040385E13832000044528D1C1E
:10AA5000E26FE8058C6138328008D508842038120E
:10AA60008008D5068440382200088001DD9E8002DF
:10AA7000DD9EFC42FA2C42018473A041B52004A063
:10AA80000004007000180480000500000019F18225
:10AA9000F0832E17E7D82E07E7ED2E47E8389D41C3
:10AAA0005A180108441003FCF181446003E8D506FC
:10AAB00044100208F181446001F4E0A42FE7E82F7C
:10AAC000E902C8043C13F437D502FA389EA2E643E3
:10AAD000E8142E27E80BCA11E0A4E80C9A6084A9B8
:10AAE000FE6C5EF08032E8088A04FE2C50100032C2
:10AAF000D504FA38D50280223C0DFA90B4009202B7
:10AB000096065A080105E685E8028C344452A400F2
:10AB1000440000708045422180730221000F45C02F
:10AB2000012C5CF115E140017017E90E50216A20FB
:10AB300040F171F640F78006E87144FFFED44021F1
:10AB40003C568802D5045CF107D1E93744200070F7
:10AB500081E542F188730027804841EF0010E6420A
:10AB600084434225082445C00064FE84E80E426FF9
:10AB70007073406118D7920188064460005A40847F
:10AB80001917E300E818D514F601426F70734021DD
:10AB9000185792014460005A880240841917E30054
:10ABA000E80AF2035CF10051E9035A4801054080CC
:10ABB0002001D50285008828F0029401E209E90508
:10ABC0005CF38029E804D50AE6F5E907FA044003B6
:10ABD00080174010800DD50292212E07FF4D5A0894
:10ABE000010380205CF507D1E81744000070425152
:10ABF0008073000280485A08040CE6E8E80684499D
:10AC0000FE54844A40108837E229E90AD503E22934
:10AC1000E9038401D5058404D5038400D598FCC2DA
:10AC20002240000C5050000A50100028840084413B
:10AC3000383289118C419AE388035A2804FB8CAA84
:10AC4000D9F7DD9EFC423C4DFF6E80E084C000A23F
:10AC5000000F0042001080A6F48140450408F482F1
:10AC60004647FFFF50420FFF88814272287395F9D3
:10AC70008E218086F1838EE287868E01F1038825FE
:10AC8000964A4E150021049F8001E029E81C987E19
:10AC900083C34081040043E2F073842040900400A9
:10ACA000409480104E95000DE12AE80A38F4051111
:10ACB000389F05014297A4244E97000388898C2170
:10ACC0005A1803EEF1028CA188C15A5803D94400E6
:10ACD000005E400200169603FCC280608040840142
:10ACE0009A50E622E90B9850922142F08424E26FB8
:10ACF0004000BC1A4020BC1BD5F4DD9EFC208440E3
:10AD00008082806284C14053080CFF4EC5053850D4
:10AD100009118C8188658C415A2819F74031907748
:10AD200084403C3FFA6980C284E14053880CFF4E66
:10AD3000C506385009118AA3426294738C415A287F
:10AD400019F64003101749FFFFCAFCA0FC4980E137
:10AD50004410007042028473812422600003224068
:10AD60000002F581814044500034FA1840020096F8
:10AD7000406314B6F0859633F08397208400F28404
:10AD8000F3879768F082838052427FEC440000345E
:10AD90005232FFE6423E0073B04D8406FEDC421E96
:10ADA0000073850045E00028800442047873F18B2D
:10ADB0008023421000738001F58AF48915EF800822
:10ADC000F38649FFFF8C96015CF0005EF30605EF09
:10ADD0008008F409F50AF10BE8055200005E9601BF
:10ADE000D5028400F2023800A109884096118D0135
:10ADF000F0825A8803DB51CE00015BC803C9025FB1
:10AE0000800A97B187805082FFFE8EC2840A802715
:10AE1000421E0073400370009603F1868480F08820
:10AE200040041000F1089603F204B0CDF58AF489CD
:10AE300049FFFF0A8020F409F50A4E04000384202C
:10AE4000F006381011098C815A4805EC51CE0001EA
:10AE50005BC805DE8400F2011004800005CF800786
:10AE6000FA0C43C100738EA1840AE6B097B1401476
:10AE70000013100E0019E906000480008C01100474
:10AE80008000F003E41EE804E62EE81DD51F000450
:10AE900080008C0110048000F0035A081FF7F005B1
:10AEA000E62E5040022EF00494A138301111840A8D
:10AEB000FE1CF304884322217FEE40000816100E8A
:10AEC0000019E90AE6DC8404E805F003E402E8047A
:10AED0008405100480002203800CF30144228FB803
:10AEE000964138110D093C27F438E041E8033C0B4A
:10AEF000F4382213800C4400005EFE0CF102400086
:10AF0000041612050027041500093C0C03EE3860F6
:10AF100005002E07E7CA00150020880696463E0762
:10AF2000E7CA44028FD8C906F10138100400E226AE
:10AF3000E804F1013860040846101F8D80075010A6
:10AF4000863F49FFFEDDB61C3C0DFA69441739C047
:10AF5000B882800749FFFED4B8813C0DFA69B883F6
:10AF60002203800CB884800749FFFE5CB885106E10
:10AF70000018FCC9FC40EE6880C12E17E80BB61F14
:10AF8000FA133C0BF437F2812E07E82F5A18010B05
:10AF9000E602E9085A080204FA09D507842F3C1B87
:10AFA000F437E605E90484003C0BF4378400843F61
:10AFB0003C0BF4383C0BF4363C0BF4353E17E7C938
:10AFC0003E17E7CB3E07E7CA812684E044A28FA85C
:10AFD00044828F98B4099E41E623E812B1028006AC
:10AFE000B045B45FB0D2888780A749FFFEB1800624
:10AFF00044129F10B45F96F849FFE4B1D516843728
:10B00000FE46C1035A080612840044128D1C100427
:10B0100080491004804838051C0838041C08840046
:10B020001204800F38009C088CE1509480705A788C
:10B030000AD35063004B84E044A28F9850937FB5AD
:10B04000B4098E01E603E83EB082B012F101382166
:10B050001C0096F849FFFD0F10037FFE2E07FF210D
:10B060005A00011649FFD0E65A0802122E07E7D807
:10B070005A00020EB0C2800700137FFD00237FFE3E
:10B0800038319C0049FFFCD110037FFDB4095A0000
:10B09000031800037FFD5A08040BA630C80684017C
:10B0A000AE3010037FFFD50E8402D50B5A08010B7A
:10B0B000A6305A0802048403D5045A080304840005
:10B0C000AE302E07FF215A08010A00037FFDE60279
:10B0D000E80E840110037FFFD50A49FFD0AB5A0860
:10B0E00002F62E07E7D85A080209D5F084041003A7
:10B0F0007FFD840138051C088CE1506300705A788C
:10B100000A9FED98FCC084A1C20284BFC909FA223B
:10B11000FE0CFA2142010473B6038805D50E4410D3
:10B12000022E81E042F10473FA2F42510473FA2295
:10B1300014F1800042028473B604DD9EFC4044306A
:10B140002710FE5CFA984657FFFF40208856FB24E4
:10B1500050528FFF80C44470005080233830191142
:10B1600038601D11FECC403198768A624E3400035F
:10B17000FEDAE0654051BC1B9CE140923C1B5A301A
:10B18000790D5CF18051E9045262009FD50280C3C1
:10B19000527200778083D5E38009FCC05CF00051D7
:10B1A000E905523000A0B661D502B60150107FD833
:10B1B0005CF08051E905520000C8B602DD9EB6225F
:10B1C000DD9EFC4484C0810583808141F282F3814D
:10B1D00080E480A38126E2E5E9148005F110F20203
:10B1E000B0C4B105F58349FFFF90F004F503380EB4
:10B1F00001118CA18920F005380E011188C0D5EC11
:10B200002E17E82FF001E6228AE0FFFBE908840F01
:10B21000FFC498B75A1002088847D505840A8046AB
:10B22000422380734E26000384418029800A49FF0F
:10B23000FF87001400005A10FF058C21880192013D
:10B2400010040000B046B08749FFFFAAF006381589
:10B250000111F007382501118402400080164204D4
:10B26000887340000416FCC4FC40EEA080C0F28548
:10B2700080E1442000A24410D71CB0064900129A75
:10B28000B02F4410D7C0442000A2490012934402BA
:10B290008D2CF084FA0AF082840050630029F08338
:10B2A00050037FD751C37FE3B420841BFE0E4E02B0
:10B2B00001385A180604480001345003000FB40046
:10B2C0005A0802044800012D9E352E17E82FB5209C
:10B2D000540480FF49FFBC8C8100A03D40A4880835
:10B2E000880AA6C0CB2BA642E622E9029EC9A70384
:10B2F000E69EE8038C81D502FA8F87804412BC94C5
:10B30000805C15CF8000F0059F7149FFFF5CA07E37
:10B31000FA583810A6028A20FE54042380083821E7
:10B3200026028802400080168C149603E40650130F
:10B330007FE3400E3C1BAC08D53DA6415A181133A3
:10B34000A6C2E662E9038E61D5028460A703E69E89
:10B35000E8038C81D502FA8F8400B61F4412BD36F3
:10B360008441F0059F7149FFFF2EA07EFA423810FC
:10B37000A60242100873FA58FE54042380083821AC
:10B3800026028802400080165010001450007D49AB
:10B390009601E605E904121E0000D50C440002D017
:10B3A000D507841F10037FFF50037FDBA400120E1C
:10B3B0000000A03D51C37FE5894000350002CB4924
:10B3C00000050000E602E9029EC100450001E6908A
:10B3D000E8038C81D502FA812E07E83C5A08010D5A
:10B3E0002E17E832E623E808F103C906B61FB04677
:10B3F000F005F203D5078401B61F4412BDD8F0054D
:10B40000844080A649FFFEDF5A80FF133C13F39867
:10B41000442FFFCC9221F18244128E283810A202D0
:10B420004210087344228DF838212202D50CA07FE7
:10B43000442000343810A6028A20FE5404238008D9
:10B4400038212602880240008016F1028801D55C6E
:10B45000000500035A081F5400350000E662E903A6
:10B460008E61D502846000450001E690E8038C817E
:10B47000D502FA812E27E83C5A28010C2E07E83223
:10B48000E603E807F003C805B65FF005B06FD50620
:10B490008441B65FF0054412BE7A80A649FFFE9350
:10B4A00094855A80FF133C13F3B744300034922143
:10B4B000F18244128E283810A20242110C734422E9
:10B4C0008DF838212202D50CA07F3810A6028822E0
:10B4D00044200034FE5404238008382126028802C8
:10B4E00040008016F1028801120E000022FE0000CA
:10B4F0005EF78673E90B44000672D5068006843F2A
:10B5000018107FDDA400120E000050037FE3F10449
:10B5100022000000AC08220E0000AC09D510F00497
:10B5200022000000120E0000F0042210000150035F
:10B530007FE5AC40841F10037FFFAE30F003506303
:10B5400000708C01F083F0048C04F084F0035A0046
:10B550000A0448FFFEA7ED60FCC099015EF207D126
:10B56000E911E00144400064E807AF10FF04401215
:10B570000436AE58DD9EFE6440008016AE10AF1853
:10B58000DD9E44000064AE10AE18DD9EC10B40206D
:10B5900084094430006442200C7340110436960B39
:10B5A000DD9E8001DD9EFC4051FFF8E08440102FBD
:10B5B000802B2E27E8215A200311CA1A3C2DFA832A
:10B5C000CA17448000694470004B4490004644A070
:10B5D000005044200032D516448000694470005A5F
:10B5E0004490005544A000644420012CD50B4480B5
:10B5F00000784470004B4490004644A0006444200E
:10B60000005FF2823C2DFA90B442924796865A2807
:10B610000104480001F5F081840080C1804084214C
:10B6200049FFCB62B0CB8006501F82A0844149FF06
:10B63000CB9284008040842149FFCB568006844110
:10B640008026B0CB49FFCB87500F82C450530024D3
:10B650005023045CA44050528024964B1212FFEEFB
:10B660000210001150000024964B1212FFFFDAF373
:10B6700084038421844049FFCB378006802684429E
:10B68000B0CB49FFCB683C1C043884005050831A6F
:10B69000804550308480A51097235EF20024E90392
:10B6A0008C0196018C424C21FFF85CF0004CE909BA
:10B6B0003C03FF425CF0012DE904440000D2D505B3
:10B6C0003C03F43DC0048E013C0BF43D50108168F6
:10B6D0008400A48896935EF10033E9038C019601FF
:10B6E0008C22D9F85CF0006FE9093C03FF425CF062
:10B6F00001F5E904440000B4D5053C03FF05C0048E
:10B700008E013C0BFF053C03FF05C00481484490BB
:10B71000005F3C33F43D8400B098C3055CF0018DBC
:10B7200040A43C1A94418826A448964BE14138F045
:10B7300008088C015A0A40F3800680268442B0CB68
:10B7400049FFCB09840084203C0BF43A3C0BF43BCA
:10B75000F183800184A250AF806044828FE8FA8236
:10B7600050207FF8E642E9495CF000FBE90B5CF011
:10B77000018DE9073C23F43DC2044490005FD502EB
:10B78000812798B1A4D096DBE123E9043830280062
:10B79000C31FA4D03CF7F43B96DB40F78C07E804CA
:10B7A000A4D03C3BF43BF3018861A4D896DBACD039
:10B7B000503F82A088613CF3F43AAD58A4D096DBA8
:10B7C00040F78C07E81AA4903C2BF43AD51650FFAA
:10B7D00082A040F7840012378000ACD0F20140F024
:10B7E0001077884138340D01A490884396934E27F2
:10B7F0000005F3038862F3838C018C225A0A40B25D
:10B8000084008040842149FFCA6F500F82A08020AD
:10B810008442B0CB49FFCA9F2E102A3484004422B0
:10B82000B8004430004BE201E80699028C01103266
:10B83000018CD5FA500F82A044129F108441503FD2
:10B84000802B848049FFA67E001F802BE62A800182
:10B85000E90284099640F185100F802B3C1C03F10E
:10B860003C0C03ED8460F0868C23B00EB093B67F61
:10B87000F305B49FE2834EF200ACF306B4BF383157
:10B8800095014C51C09E8460ACC0ACD001E0FFFF7C
:10B89000A6C88480F387813E80E4F307E269E94724
:10B8A0000030FFFE00A0FFFDF388FA6242348C24D2
:10B8B000F389F308E26AE936F309886A94D999733F
:10B8C000F58402F28000E913F50140F28C00028752
:10B8D0008000408400114E87000B0280000002F7B8
:10B8E00080008CE1890F1280000097F9F504028234
:10B8F0008000408400114E870011F50140828C00C9
:10B900000234000096DB4E370009A4D00284000008
:10B910008C818868ACD097215035000140A18013FC
:10B92000D5C95034800140918013D5B8C406223166
:10B93000000040419096AD10C74322F00000223134
:10B94000000040779CF6ADC09BDF5EF3802DE808D9
:10B950005EF18023E9055031FFDD9061ACC022F03B
:10B9600000005EF78065E90444300064ACC02270DA
:10B970000000A6C8E27EE924FA820030FFFD429F63
:10B9800010240040FFFEE283E9164041A400F501C7
:10B99000952140A310008885A5208A87972312450A
:10B9A000000002450000CC048481124500008C6137
:10B9B00096D9D5E8503F000141E18013D5DBB47F33
:10B9C0008C248C61B67F8C028C4248FFFF5380062A
:10B9D000501F82A049FFCAC8F10344000064400020
:10B9E00080163C27F4399643E0413C1BF43CE803C5
:10B9F0003C1BF439F10240008007D502840051FF5E
:10BA00008720FCC04402A02C44228FE8A0C5A04699
:10BA10000201000802418008880496031200800891
:10BA20000241801A02010008880496031200801A5D
:10BA3000024180090201000988049603120080096E
:10BA40000231801B02010009880396031200801B4B
:10BA5000DD9E2E17E8213C03F43A5A18030992029E
:10BA60005CF0004BE8194400004BD51684264010CA
:10BA700004375CF08032E9075CF000C8E9043C1B45
:10BA8000FF04D505440000323C0BFF043C03F43DA9
:10BA9000C005440000693C0BFF043C03FF04DD9E2D
:10BAA000FC01F0813C0DFA9080C1B400920796062B
:10BAB0005A08010784003E07E8393E07E8342E079C
:10BAC000E8395A080308F0013C1DFAB649FFCA4C90
:10BAD000D51F5A08061E3C4DFAB684A044200480A7
:10BAE000987538321411A4088CA28803900196012D
:10BAF000AC08DAF73C03F4558C013C0BF455840098
:10BB00003E07E83984003C0BF4533C0BF4543CF4FE
:10BB100000C55EF78037E80A3C0000C15CF0009782
:10BB2000E9052E07E8348C01D50284003E07E8348D
:10BB30002E07E8345A080508F0013C1DFAB649FF03
:10BB4000CA13D5155A080A143C4DFAB684A04420ED
:10BB50000480987538321411A4088CA288039001CF
:10BB60009601AC08DAF784003E07E834FC81440013
:10BB700000643C0BF4562E07FF4D5A0801212E0796
:10BB8000FE7CC81D3C03FF425CF00064E8183C03E7
:10BB9000FF435CF00024E8063C0000C15CF0002498
:10BBA000E90E2E07E821C80B3C03FE3AC8082E0711
:10BBB000E8395CF000C8E8068C01D50284003E0735
:10BBC000E839DD9EFC403C2C03EF41C0040894C9D9
:10BBD00038410101382105013C8C03EE8C5EE044C4
:10BBE0003CAC03F43C4C03ED9542948A3C9C03F23C
:10BBF0003C7C03F33C6C03F1E83B38020101380262
:10BC000005094004700038340501A5008864ACC003
:10BC10004035140038050602B4838804B603403466
:10BC2000940038048602B4838804B60398FD380370
:10BC30008602B48398728804B6039835A68AA6C291
:10BC4000E2434021BC1AAE82A6C3A68BE262402129
:10BC5000BC1AAE83A6C0A688A649E2434021BC1AFE
:10BC6000AE80A681E24140113C1AAE41D53A38126D
:10BC700005013812010940140C0038440101A4C820
:10BC80008864ACC84035080038150202B4838824A3
:10BC9000B6234034880038148202B4838824B62343
:10BCA000987A38038202B4618803B6019872983595
:10BCB000A68AA6C2E2434021BC1AAE8AA6C3A68BBE
:10BCC000E2624021BC1AAE8BA6C0A688A601E24360
:10BCD0004021BC1AAE88A689E20240203C1AAE89F7
:10BCE000FCC0FC402E07E8038E02E603E83C84001B
:10BCF0003E07E7D53E07E7D084C085412E07E8031D
:10BD0000E2C0E8313C0C03ED95F1389019014C93F9
:10BD100040292E07E7D55A0801182E17E7D03C2CEA
:10BD200003F0940998D78840A618A7108A048C01BC
:10BD3000E603E80AA619A6918A028C04E609E8043B
:10BD4000963049FFFF413C0C03F088E0A638C80953
:10BD5000A6398E06E606E8053EA7E7D53E97E7D06A
:10BD60008CC1D5CDFCC0FC00440276E84422A880FA
:10BD700084208A4049000D28FC80FC0084003C0F90
:10BD8000FAA43C0FFAA53C0FFAB13C0FFA923C0F13
:10BD9000FAB03C0FFAA93C0FFAAF3C0FFAA23C0FE5
:10BDA000FA9D3C0FFA913C0FFAB43C0FFA9B3C0F02
:10BDB000FAAC3C0FFAA63C0FFAB23C0FFA943C0FD7
:10BDC000FA993C0FFA983C0FFA963C0FFAA73C0FF1
:10BDD000FAAE3C0FFA933C0FFAA03C0FFAB33C0FBB
:10BDE000FA9F3C0FFAAB3C0FFAA33C0FFA973C0FBB
:10BDF000FAA13C0FFA9E3C0FFA9C3C0FFAA8640390
:10BE0000000364030403641224029646C10364031E
:10BE100000034400400064022403641200028419F9
:10BE2000FE0E640200036400000864030402461668
:10BE3000F7805010807EFE0F64030403640200024A
:10BE40005800000164020003FC804403F04A4410DF
:10BE50000055AE404433F064A6989696CA03AE40AF
:10BE6000D5FC4413F0DAA608540000F0AE084403F1
:10BE7000F0ED8420AE408404640304034403F049DD
:10BE80008425AE404403F04A44100053AE40DD9E8A
:10BE9000DD9E4443F114B46492784031E008FE1F03
:10BEA000B6044403F10E44300055AC404403F104A1
:10BEB0008421B6404403F1324423F04AAE40441397
:10BEC000F134A608960EC803AED0D5FC4403F13475
:10BED000A6009606DD9E924284A0D2073830160254
:10BEE0003830960A8CA1D5FADD9E840080203A6F06
:10BEF000A8BC49FFCD6C84006405E4034403F00E44
:10BF000080C0A4409666C10349FFE5EAA430960EBE
:10BF1000C00C4403F00EA40054000100C806440302
:10BF2000F09044100069AE404403F01AA6005A0095
:10BF300001154403F00EA440964EC90FA440965636
:10BF4000C90CA440965EC909A4409666C906A4001F
:10BF5000540001004E0200FD4413F00EA408960E9A
:10BF6000C806A5C85473810097F9C72C44121C5009
:10BF70008400A7C8AC0897F83E07E7F849FFCA87CE
:10BF800044521C00843F44021C4118128001D8FE18
:10BF9000441218BC8400AE08441218BDAE08441206
:10BFA00018BEAE08441218BFAE08441218C0AE083E
:10BFB000441218C1AE08441218C2AE08441218C385
:10BFC000AE084403F01AA6005A08010844121C6285
:10BFD000A6088C019600AE0849FFFEC74403F00E88
:10BFE000A440964EC908A4409666C905A400540012
:10BFF0000100C00349FFE0B144021C608420AC4052
:10C0000084C044024C703C6FFA9F3C0FFA793C6F3D
:10C01000FAB33C6FFAAD5A78AE6C84E33C0DFA7912
:10C0200094BC8840A051C10CB4029649A09349FF2A
:10C03000FF325A08010640001C0CFF8797B18CE1C3
:10C040005A780FEE3C2DFA79503100F0A059B40324
:10C050008E249649A09B49FFFF1E5A080105440003
:10C060008000FF874472760085408127B407A47A58
:10C07000A0BB49FFFF105A0801064000280CFF87AB
:10C0800097B18D418CF05AA804F34413F04A442030
:10C090000055AE888400E602AE88E80A94C4886938
:10C0A0003C4DFF1AA0D9E283E8033C3FFF1A8C0104
:10C0B0005A0804F33C0DFF1A84208C013C0FFF1A30
:10C0C00044021C78AC40C61444021C60441FFF9F0D
:10C0D000AE4044021C619670AE4044021C6292C89D
:10C0E000AF80441000554403F04AAE40D5FFFA54E7
:10C0F0004402B80044121C7849FFFEEF44024C7021
:10C100003C0FFA7904000009401020093E0028BDC8
:10C110003E1028BE4010400992183E1028BF3E0035
:10C1200028C049FFE53844321C7C44221C7DA618F7
:10C13000A6509602964AAE58AE1044321C7E442257
:10C140001C7FA618A6509602964AAE58AE1044130D
:10C15000F00E3C0DF9C7A6481010003C4413F00F38
:10C16000A6481010003D44021C9CFA23AE40441225
:10C170001C9D8400AE0844121C9EAE0844121C9FF5
:10C18000AE0849FFE0B23C0FFA84490002AF3A6FB3
:10C19000A884DD9E84013C0FFAA4DD9E3A6F9ABC10
:10C1A000EFFC3C0DFAA58C013C0FFAA52E07FE1AF8
:10C1B0005A0801133C1DFAA52E07FE19E220E804D7
:10C1C00049FFCCAAD50949FFCCBB840049FFCB8FDE
:10C1D00084003E07FE1A3C0DFA82A6015A08031895
:10C1E00049FFCCAE840049FFCCB94402A1EC49FF21
:10C1F000DF9B4402A1EC49FFAB7E2E17E81A8400B6
:10C200003E07E81A5A18010449FFE0DFEC043A6FD0
:10C210009A84DD9E3A6F9ABCEFFC3C0DFAB18C011A
:10C220003C0FFAB13C0DFA82A6008E01E602E8301E
:10C230002E07E7FC5A0055062E07E7F55A08551F4A
:10C240003C03F4468C019601E60A3C0BF446E919DE
:10C25000840449FFDFA484013E07FF45840049FFB1
:10C26000B6D33C0DFA82A6005A08010549FFE4380E
:10C27000D5088E02E602E900D50484003C0BF446A2
:10C28000440000553E07E7FC3E07E7F5D50484006F
:10C290003C0BF446EC043A6F9A84DD9E3BFFFCBCF9
:10C2A000EFFCFA1049FFDF7B84013C0FFA9249FF53
:10C2B000C78A49FFB6A23C0DFA82842249FFE2BE3A
:10C2C00049FFB6B48420840284468061808180A1C5
:10C2D00049FFE035EC043BFFFC84DD9E3A6F9ABCDD
:10C2E000EFFC49FFCBD7C01184013C0FFAAA8400B0
:10C2F00049FFCBD43C0DFA824412778D4422799CBD
:10C300003C3DFA7149FFF28049FFCBBBC007840175
:10C310003C0FFA95840049FFCBB8EC043A6F9A843D
:10C32000DD9E3A6F9ABCEFFC3C0DFA8E84213C1FD7
:10C33000FAB0AE40440FFFAA3E07E7FC2E07E7DC49
:10C34000C80A3C0DFA82A681542100FD5A2004043B
:10C3500049FFE27484003E07E7DC4403F40CA600C6
:10C36000C00E840D49FFDF1BFA1849FFC89E8400E8
:10C37000842249FFE10584013E07E814EC043A6F8A
:10C380009A84DD9E3BFFFCBC84013C0FFAA9EFFCC4
:10C39000FA1149FFDF044403F081A600C005440000
:10C3A000006949FFCB91EC043BFFFC84DD9E8401D6
:10C3B0003C0FFAAFDD9E84013C0FFAA2DD9E8401A2
:10C3C0003C0FFA9DDD9E84013C0FFA91DD9E3BFF00
:10C3D000FCBCEFFCFA1249FFDEE2EC0484013C0FE6
:10C3E000FAB43BFFFC84DD9E84013C0FFA9BDD9E8A
:10C3F0003BFFFCBCEFFCFA1349FFDED1EC043BFF32
:10C40000FC84DD9E3BFFFCBCEFFCFA1449FFDEC759
:10C41000EC0484013C0FFAA63BFFFC84DD9E3A6FDE
:10C420009EBC3C0DFAAB5A08010684203C1FFAABB7
:10C43000D50284023E07E7A43C1DFA8284013C0F2A
:10C44000FAAD84003C0FFAB2A6095A000E079E828C
:10C45000E642E9035A08084BA6085A0801482E0785
:10C46000E7DB9600C8433C1DFA8EA6485A18013FE8
:10C470003C1DFA75A6485A18013A3C0FFAAE49FF1E
:10C48000CF7180C05A0801112E17E78084033E0740
:10C49000FE7A92214402903C49FFB7E049FFCFF970
:10C4A000800649FFC9F53C0DFA82842049FFE1C6A8
:10C4B0002E07FF1C5A08010B2E07E7A7C8074402E6
:10C4C000A02C4412777949FFE06C441279503C0D5E
:10C4D000FA4F49FFB66C840149FFB5963C1DFA8EB0
:10C4E0008400AE083C1DFA75AE083A6F9E84DD9E4E
:10C4F0003C0DFAB28C013C0FFAB2DD9E84013C0F78
:10C50000FA9C3E07FE1C4403F07E3BFFFCBCA640A9
:10C51000EFFC5A10010FA6405A10020CA6405A1008
:10C520000309A6405A100406A6405A101003A6009C
:10C5300084418420806280824400B10149FFC61D8D
:10C5400049FFC632EC043BFFFC84DD9E84013C0FB6
:10C55000FA94DD9E84013C0FFA994403F063A640EF
:10C560009646C914A64058108001AE403C0DFA8290
:10C57000A6008E02E602E9123BFFFCBCEFFC49FF7D
:10C58000E2AFEC043BFFFC84D509A6409646C10609
:10C59000A640541080FEAE40DD9EDD9E84013C0F1F
:10C5A000FA98DD9E3BFFFCBCEFFCFA1649FFDDF775
:10C5B000EC0484013C0FFA963BFFFC84DD9E3BFFBC
:10C5C000FCBCEFFCFA1749FFDDEA84013C0FFAA737
:10C5D00049FFEEE55A08A10449FFE282EC043BFF63
:10C5E000FC84DD9E3A6F9ABCEFFC84013C0FFA9EFE
:10C5F0003C0DFAAE8C013C0FFAAE49FFCEB35A089F
:10C6000001102E07FE7A5A08030C3C0DFAAEE60B19
:10C61000E9073C0DFAAEE610E80349FFD158EC04F7
:10C620003A6F9A84DD9E3BFFFCBCEFFCFA1849FF91
:10C63000DDB684013C0FFA9349FFE252EC043BFF64
:10C64000FC84DD9E84013C0FFAA0DD9E3A6F9ABC0B
:10C65000EFFC49FFCA4FC01184013C0FFA9F8400D0
:10C6600049FFCA4C3C0DFA824412778D4422799CD2
:10C670003C3DFA7149FFF0C849FFCA33C007840046
:10C6800049FFCA3384013C0FFAB3EC043A6F9A8431
:10C69000DD9E84013C0FFAABDD9EDD9E3BFFFCBCC2
:10C6A000EFFCFA1949FFDD7B84013C0FFA9749FF43
:10C6B000C4BD49FFB492C80449FFB49FD50349FFE4
:10C6C000C48AEC043BFFFC84DD9E84013C0FFAA18C
:10C6D000DD9E84013C0FFAA8DD9E3BFFFCBCEFFC15
:10C6E000FA1A49FFDD5CD500FC442E07FE165A08F5
:10C6F000010A8400842B844349FFE37084003E07D1
:10C70000FE163C0DFA849E46E622E90A8E09E603EF
:10C71000E907440243803C0FFAB6480000C449FFD1
:10C72000F16D3C0DFA8244128E803C2DFA90443219
:10C73000799C3C4DFA813C5DFA7149FFC01B5A0857
:10C7400008EAD5535A000204480000EA4403F04ABC
:10C7500044100055AE403C1DFA8EA608C0FF84016F
:10C760003E07E9EE3E07EA224400005584C03E073A
:10C77000E78284023E07E72E3E67EA213E67E79F95
:10C7800049FFDBBF440000A13E67FF1C49FFEE02EA
:10C790003C0DFA824412778D4422799C3C3DFA711B
:10C7A00049FFF0322E07E7F45A08010A44027736AF
:10C7B000441277EC49FFDFC749FFC9BC3C1DFA8E24
:10C7C0008402AE083C1DFA75AE0849000C782E07AD
:10C7D000E7F45A08010449FFC9A64900122749FF96
:10C7E000DBAF840249FFDCDB4462B8BC5073011448
:10C7F0003C0DFA82A6018E0BE6024EF20075840E05
:10C8000049FFEDD284013E07FF1C4403F04A441067
:10C810000055AE4049FFDF4F3C0DFA82A6415A1841
:10C820000E6D2E07E7EB5A00019C2E07E82D5A08E3
:10C83000010E4402778D3C1DFA904422799C3C3DC8
:10C84000FA813C4DFA7149FFF0283C0DFA9F5A08D5
:10C85000016784003C0FFA9F2E07E82A5A08555BAF
:10C860003C0DFA713C1DFA82B61F2E07E8194422CE
:10C870007754F0813C3DFA904402796C4442799CB3
:10C880003C5DFA8149FFEE343E07E8192E07E819AE
:10C8900049FFF07296003E07E7E45A00030448FFA0
:10C8A000FF5349FFDB41490018A84403F04A4410F4
:10C8B0000055AE40490017AE3C0DFA828421AE41CE
:10C8C00049001AE0440000A049FFED644402796C7D
:10C8D0003C1DFA82490017BC4900151B49FFDA507C
:10C8E00048FFFF3F2E07FE184E03FF8B842B844327
:10C8F00049FFE27448FFFF852E17FF3DC99344129C
:10C90000778F2E20294344328E8049FFC1A848FFEB
:10C91000FF8A440000553E07E82AD5B93C1DFA8E2F
:10C92000A6085A08020C3C0DFA75A6005A08020720
:10C930008401AE083C1DFA75AE083C0DFA82A601D2
:10C940005A000C132EA7FE185AA8010D49FFC472F5
:10C950008120C808800A842B844349FFE23F3E9728
:10C96000FE1849FFE0772E07FF045A08010B8400E8
:10C970003E07FF044402A1EC49FFA7BD48FFFF3A70
:10C980003C0DFA75A60096004E03FF343E07E80FF3
:10C990004493F04A44A0005549FFB31FC80410A4B3
:10C9A0008000D5FB2E07E8145A0801073C1DFA75D4
:10C9B000AE0848FFFF1F2E07E7F45A08010744029C
:10C9C0007736842049FFE0C049FFCCCC81205A0053
:10C9D0000104480000712E07FE7A5A000304480043
:10C9E000006BFA00F0813C0C0433854080208040CD
:10C9F0002E3028AF2E4028B080A9B73F14AF800258
:10CA000014AF800314AF800449FFC24B84042E305E
:10CA100028AF2E4028B080A93E07FE7A3C1C043582
:10CA20003C0C04333C2C0439B73F14AF800114AFE5
:10CA3000800214AF8003149F800449FFC232442255
:10CA4000A07C4402A02C44128E8049FFD191441254
:10CA5000794C4402A02C49FFE94F4402A02C49FF25
:10CA6000D09A4402A02C44128E804422A07C49FF1C
:10CA7000D0D549FFD63E2E07E7825A0066045A08F1
:10CA8000771B4402A02C441279804422915849FF1C
:10CA9000CFDE3C0DFA90B400920796065A08010CBE
:10CAA0004402A02C44128E804422A07C443291582F
:10CAB00049FFD2CA2E07E82B5A08020584013E0717
:10CAC000E82B2E07E8215A08030C2E00293C5A08AF
:10CAD000010849FFB58D84023C1DFA54D50649FF73
:10CAE000C94DF087F107840049FFDCB23C1DFA8292
:10CAF000A6095A080E058403AE09D5035A0807078C
:10CB0000440000A349FFEC46D51E440000A349FFA2
:10CB1000EC412E00293D5A0801113C0DFA82A64035
:10CB20005A18010CA6015A0006092E07E82BC80561
:10CB30002E07E81049FFC9922E07FF41C004840068
:10CB40003E07FF413C0C04333C1C043549FFF7AA67
:10CB50004402A02C441290E04422A1D04432B800F8
:10CB60004442A00049FFE8113C0DFA82A6015A0890
:10CB7000061C3CF400C55EF78064E8163C0000C06B
:10CB80005CF00024E8063C0000C15CF00024E90CE5
:10CB90003C0C04333C1C043549FFC1E63C03F4550E
:10CBA0008C013C0BF4552E07E8195A08040649FF7E
:10CBB000EB5F4800058C49FFF7DC2E00293E5A0840
:10CBC000010F84003E07FEFD3C1C04353C0C043381
:10CBD0003C2C043944328FE849FFEA812E17E7F4F0
:10CBE0005A1801064402773649FFDFAE3C0DFA9031
:10CBF0008441B400920796065A08011F2E37FE4E54
:10CC000084203C1FFFCB3C1FFFCCC3043E17E9CC64
:10CC1000D52D3E07E9CC840A3C08098084033E00F8
:10CC20001302FA003C080982440000323E2012FE42
:10CC30003C080984D51B440290E0B61F3C0414BE96
:10CC40003E27E9CCF0834402B9E4F084F681F78210
:10CC500084004412773E44228E804432A000444235
:10CC6000792C4452A25849FFCA844402A258842015
:10CC700049FFCB0B4422A258443279484442A2B027
:10CC800084004412792C49FFCA624402A2588421CC
:10CC900049FFCAFB3C0C043849FFC0E02E00293E86
:10CCA0005A08010E3E07FEFD3C1C04353C0C0433C3
:10CCB0003C2C043844328FE849FFEA1184003E07D7
:10CCC000FE8884003C0BFF433C0BFF4244129F1044
:10CCD0004420003244328DE884813C0C043849FF02
:10CCE0009C3184A03C5FFAB52E47FE883C9C03ED46
:10CCF0003CAC03EE2E37FE802E27FE813C8C03EFEA
:10CD00003C1C03F0E2A4E81B38049501D815380553
:10CD100015013CF3FF4340F78006E8053C0BFF4359
:10CD2000A6C9A688380415013CF3FF4240F78006E7
:10CD3000E8033C0BFF428CA18C22D5E52E07FE7C3C
:10CD40003C5FFAB5E6053E37FE803E27FE813C0398
:10CD5000FF42E8045CF00181D5035CF0014AE8057C
:10CD60005CF000338400E80284013C0FFA8349FF41
:10CD7000DAE43C0E006D2E07E7F45A08010744027E
:10CD80007736842249FFDEE04402A00049FFE879BB
:10CD90002E0029425A08010A4402A02C44128E8017
:10CDA00044229F1049FFC88A2E07FF3D5A08010BF5
:10CDB00044028E8049FFC971C8054402A00049FFA2
:10CDC000C9AE84003E07E7BC2E07E803E60AE80E7A
:10CDD00049FFC2305A08020B3C03FF435CF0003CA1
:10CDE000E8052E07FE7C49FFE1833C0C043849002E
:10CDF000166649FFC21F5A08023949FFF6053C1C56
:10CE000004393C0C04383C2C044449FFF3CE3C1D4F
:10CE1000FA90C010B401920296065A0801092E0732
:10CE2000E8215A0803054400003CD508440000F0FE
:10CE3000D5053C03FFAAC0048E013C0BFFAAB40138
:10CE4000920796065A08010584003C0BFFAA2E079C
:10CE5000FEFC5A08010584003C0BFFAA3C13FFAA04
:10CE60008400E2013EF7FF4D2E07E8215A00012A17
:10CE70002E07FF4DC0263C2C043984015011000EB2
:10CE80001201000884671201000984005A300B1354
:10CE9000A5089723E004E803A40896030240801243
:10CEA0009723E004E8040200801296038C618C2230
:10CEB000D5EE9001120100083C3FFAB512010009BD
:10CEC0003C0C006D5A000104480001152E00294257
:10CED0005A08010D2E07FF205A0801092E07FF4DA1
:10CEE000C8054402A02C49FFC8BD4402B99C49FFB3
:10CEF000BB7B84003E07FEFB2E07FF4DC00D3CAC04
:10CF0000043949FFF5A881202E07E7BC5A0801091A
:10CF100044900082D5053CAC04383C9008503C0D50
:10CF2000FA90B420922296465A1801044490009632
:10CF3000800A44129F10804944327763848149FFFC
:10CF40009B01800A44129F108049443277632E4728
:10CF5000FE7C49FF9B8444029F10441277633C2C63
:10CF6000043849FFDB4F2E07E803C0113C03FF43A1
:10CF70003C13F453E220E8033C0BF4533C03FF4220
:10CF80003C13F454E220E8033C0BF4542E002941F6
:10CF90005A08011C3C0DFA90B40096065A0001088C
:10CFA0003C0DFA81A60096065A0801102E07E7905C
:10CFB000C80C44029F104412A02C4422776349FFFE
:10CFC000D5AF3E07FF22D50684003E07FF2249FF6A
:10CFD000D5433C03FF915A08010B3C0DFA90B40075
:10CFE000920E96065A0801043E07FF242E07FF24DE
:10CFF0005A08011149FFA250C80D3E07FF24FA2E1E
:10D0000084048443443000FF49FFA249840549FF5A
:10D01000A24D84003C0FFAB5FB423C2DFAB52E0719
:10D02000E803E240E82D3C0C03ED9451380009017F
:10D030004C0140213C3C03F03C5C03EF8823A6C933
:10D04000A7083C1C03EE381089013822891180A3FF
:10D0500042522873F581B73F44528FE849FFE85F99
:10D060003C1DFAB53C2C03ED94498822A488FE1798
:10D07000AC083C0DFAB58C013C0FFAB5D5CF49FF91
:10D08000F6323C13F4522E07E8035CF081F4E80614
:10D09000C8038020D5058C21D5038020C8033C1B04
:10D0A000F4522E17FE7C5A18014F5A08024D3C03C9
:10D0B000F4525CF00050E8473C2C03EDA4D1A5509D
:10D0C000D3423C0C05335CF009C5E93D3C1C03F040
:10D0D000A609A70B8A048C02E605E835A608A64A2D
:10D0E0008A018C04E609E82F440F8000FE1FAC1172
:10D0F000D52A84003E07FE7D84003C0BF4543C0B93
:10D10000F4533C03FFAAC0048E013C0BFFAA840029
:10D110003C0BF4522E07FF225A08010649FFD48E19
:10D120003E07FF222E07FF485A08010B2E07FC611D
:10D130008E0196003E07FC61C8033E07FF4884004D
:10D140003E07E8033C03FF915A0900133C0DFA9097
:10D15000B400920E96065A08010C84048040FA2E00
:10D16000443000FF49FFA19B840549FFA19F2E0782
:10D17000FF223E07FF232E07E7F45A080107440267
:10D180007736842349FFDCE02E17E803C10A440206
:10D190009F104422A1F84432778F49FFADFBD5039D
:10D1A0003E17E82F2E97E82F4E9200232E2028D2EC
:10D1B0002E3028D39241926184004442A1F8E209C2
:10D1C000E80D38520301944388A288243852030999
:10D1D000A5498C0188A3AD49D5F33C0FFAB584006D
:10D1E0003C0FFFCB3C0FFFCC3E07E829D5482E076C
:10D1F000FF22C84584213E07E8033E07E82F3E078B
:10D20000FEFE3C0FFFCE3C0DFFCB3E17E804441062
:10D21000EA60E220E9048C013C0FFFCB3C0DFFCC1F
:10D220004410EA60E220E9142E17E8233C23FE06AE
:10D23000E222E8083C23FE05E222E8042E17FC1453
:10D24000C1058C013C0FFFCCD5033C1FFFCC2E0742
:10D25000E7E35A0801083E07E7FB84003C0FFFCBD9
:10D26000D50484003E07E7FB84003E07FF4049FFEA
:10D27000B4AC49FFB4D684013E07FF402E07E8074F
:10D28000C86D2E07FF22C8332E07E82FC8302E079F
:10D29000E830C82D2E07FC145A0801113C0DFFCCB4
:10D2A0005CF000C8E90BFA0249FFD77949FFC85A78
:10D2B0005A08011449FFCAEFD51049FFC8295A007E
:10D2C00002F44402A1D03C1014C74422778949FFDC
:10D2D000E2BE5A08020DD5E884013E07E83049FF56
:10D2E000BFA95A00020584003E07E7C13C0DFA823F
:10D2F000A6419E0EE6022E07E830E9035A180C11EB
:10D300005A0001092E07FF4A5A0001052E07E82995
:10D31000C02584013E07E7FB3E07E7C0D51F5A0042
:10D3200001062E07FF4A5A08011A4403F04A441026
:10D330000055AE403C1DFA8EA608C0FF84003E0793
:10D34000E8303E07FF4A84013E07FF4B2E07FF43AC
:10D350008C013E07FF4348FFFA042E07FF225A08BC
:10D36000010784003C0FFFCB3C0FFFCC4402BC0004
:10D37000501000305020005C49FFB3BA3C0DFA82D7
:10D3800044128E802E27E82F2E37EA0C49FFE1CA7F
:10D390002E07FF3D5A08010944028E8049FFC67DD1
:10D3A000C80349FFC6AD4402A1F82E17E82F442256
:10D3B000A40044329F1049FF9B7C3C0C043844126B
:10D3C000A4002E27E82F49FFEDD72E07E7F45A08CF
:10D3D000010744027736842449FFDBB62E17E82F75
:10D3E0003C0C03F03C2C05285A18010E5A28010C5D
:10D3F000A6C18E67E664E907A6C05A3801053E2734
:10D40000E833D5082E37FE7CCB033E37E8335A1875
:10D4100001243C1DFA90B4219225964F5A10010A1E
:10D420003C1DFA90B4219225964FE422E817D51AB4
:10D430005A2801F8A641C1035A181106A6C0C3080C
:10D440005A301F07E623E8EDA640E623E8EA8421E8
:10D450003E17E83CD50C5A1802E584203E17E83CFC
:10D46000D5042E17E821C9FA5A280107A6003E075D
:10D47000E8358400D5082E17E835A6009A084E0432
:10D480000003FE023C2C04383E07E83244129F1091
:10D490004402A40049FFEEEA2E07E82F2E17E7ED1D
:10D4A0009A4196484402A400490003AE4402A400F5
:10D4B0003C1DFAB8844081205A200A1400300060D4
:10D4C0009F1AE682E9035A380809B460C30604309B
:10D4D000000BE2234011BC1B8C4150000070D5EDC5
:10D4E0003C0DFFCB3C2FFAB5E60B3C1FFAB8E80623
:10D4F0003C03F4525CF00060E90484003C0FFAB88D
:10D500004402A40049000BD33C0DFA90B4009207EA
:10D5100096065A0801152E07E7825A0066045A0833
:10D52000770F2E07E82BC80B44028E804412A07C94
:10D5300044228E69443276E249FFCA113C0DFA90CA
:10D54000B400920796065A0001072E07FF3D5A08BD
:10D550000131D5182E07E82BC8F92E07FF475A08C6
:10D5600001F62E07E72DC8F24430007080404210CB
:10D570000C248C013824840A5A080AFB3C0FFAB5A3
:10D58000D5E544028E8049FFC588C81344029F1028
:10D590004412A4002E27E82F4432792849000F585E
:10D5A00049FFC5AB5A08010644028E8049FFDE7A66
:10D5B00084003C0FFFC03C0FFAB53C4C03EE441214
:10D5C000A41C804084A1449000FF5A200A18043013
:10D5D000FFF9CB038060D50DA0CA38320D01AD49EB
:10D5E0005CF181004034BC1AACC8A0CCE260E9F325
:10D5F0008C41501080708003D5E93C2FFAB53C0F68
:10D60000FFC049FFD5DD49FFA1C54402A1EC49FF98
:10D61000D50F3C0DFA82A6015A00030649FF9F4927
:10D62000E603E9052E07E8195A08056084003E075D
:10D63000EA183E07EA193E07EA1A3C0DFA82A601EB
:10D640005A080314840749FFC25E4400008349FF5F
:10D65000C28549FFC2612E17E81A84003E07E81A06
:10D660005A18010449FFD6B13C0C006D3C0E006E07
:10D670002E07E82F3E07FE7C49FF9F0EE602E907D2
:10D6800049FF9F0A5A00FF04FA0ED5052E07FE7DBA
:10D69000C0048E013E07FE7D3C0DFA82A6019E4627
:10D6A000E622E9085A000C072E07E82BC80349FFB9
:10D6B000B7012E07E82BC0048E013E07E82B2E078A
:10D6C000E8195A08050448FFFA743C0DFA758421DC
:10D6D000AE403C0DFA82A6015A000B0448FFF88ABE
:10D6E00049FFDF9548FFF8863C0DFAB35A08010957
:10D6F00084003C0FFAB34402797449FF9EC444127B
:10D7000079884402A1EC49FFA0CA3E07EA1A49FF02
:10D710009ED381205A08011F49FF9ECB5A08030956
:10D72000800949FF9EC34400006149FFD53849FF85
:10D730009EC05A080405840149FF9EB849FF9EB95E
:10D740005A00050448FFFF7B840149FF9EAF48FF54
:10D75000FF7649FF9EAE5A00030448FFFF70840025
:10D760003C0FFFCB84013E07E7C048FFFF68000085
:10D77000425088244010400942500C7396014031B9
:10D780004009969142F00C2442400824FE8C400748
:10D790008800E20240F7C0084020400842F08C7345
:10D7A00040104009882F9822E204882F984DDD9E72
:10D7B0008060C207994A0840800118418001D9FC65
:10D7C000DD9E92008060995AD30418118001D5FD26
:10D7D000DD9E92000F10FF000D0EFF0001020102FE
:10D7E0000402010201FFFFFFFF08FFFFFFFF01012D
:10D7F0000101010101010102020202020202020210
:10D800000000000001000000000000002020202097
:10D81000202000002F2623382F260000120015009C
:10D8200018001C00200025002A00310038004000AC
:10D83000490053005E006A00780088009900AC003F
:10D84000C100D900F3000F012E01500176019E01A5
:10D85000CA01FA012E026602A202E302290374033E
:10D86000C30318047304D3043805A30514068A06F9
:10D870000707880710089C082E09C509610A010BD3
:10D88000A50B4D0CF80CA60D570E090FBC0F701010
:10D890002411D61188123713E3138B142F15CD15CD
:10D8A0006516F716811703187C18EC185119AC1976
:10D8B000FC19401A791AA51AC51AD81ADE1A0000DE
:10D8C000230028002E0034003B0042004B0055008E
:10D8D0005F006B00780086009600A700BA00CF00BA
:10D8E000E600FF001B01380159017C01A201CB01B8
:10D8F000F701260259029002CA0209034B03920360
:10D90000DD032C048004D80435059705FE0569065F
:10D91000D8064D07C5074208C4084909D2095F0A5D
:10D92000EF0A820B180CB00C4A0DE50D820E1F0F8A
:10D93000BD0F5A10F51090112812BE125113DF13AB
:10D940006A14EF146F15E9155C16C8162C178817A2
:10D95000DC1727186918A118CF18F4180E191D190B
:10D96000231900000B0B0B0B0B0B0B0B00000A0A0F
:10D970000A0A0A0A0A0A0000281719191A1B1C1D8C
:10D980000000290B0C0D0E0F0F110000110F0F0ED0
:10D990000D0C0B2900001D1C1B1A1919172800005B
:10D9A000100800060600000032242C2A2A0000007D
:10D9B0004864646464646436000036646464646467
:10D9C00064480000636464646464646464646464FC
:10D9D00064646464646300004562646868686868DD
:10D9E000686868686868686462450000BF00CF00C6
:10D9F000E100F30007011C0133014B0165018001C7
:10DA00009D01BB01DC01FE012202480270029A0264
:10DA1000C602F402250358038D03C403FE03390430
:10DA20007804B804FB0441058805D2051E066D067E
:10DA3000BD0610076407BB0713086D08C90826094F
:10DA40008409E409450AA60A090B6B0BCF0B320CBB
:10DA5000950CF90C5B0DBD0D1E0E7E0EDD0E3A0F02
:10DA6000950FEE0F45109910EB1039118411CC1160
:10DA7000111251128E12C612FB122A1355137C1367
:10DA80009D13B913D113E313F013F813FB13230001
:10DA900028002E0034003B0042004B0055005F0080
:10DAA0006B00780086009600A700BA00CF00E60061
:10DAB000FF001B01380159017C01A201CB01F701D4
:10DAC000260259029002CA0209034B039203DD03A6
:10DAD0002C048004D80435059705FE056906D80690
:10DAE0004D07C5074208C4084909D2095F0AEF0A71
:10DAF000820B180CB00C4A0DE50D820E1F0FBD0FE6
:10DB00005A10F51090112812BE125113DF136A1427
:10DB1000EF146F15E9155C16C8162C178817DC175B
:10DB200027186918A118CF18F4180E191D192319F0
:10DB3000FC402E07E821E602E8062E77E7912E97B3
:10DB4000E78CD5052E77E7882E97E78A84C02E00CC
:10DB500028CFE2C0E8102E07E8218431E6028006D3
:10DB6000E8033C17F422804780698CC149FFAE303E
:10DB700097B0D5EEFCC0FC402E2028CE2E97E82191
:10DB8000FE542E2028A39648949196902EA7FC141C
:10DB9000846044728A68448289E89718E282E817B0
:10DBA000A5409519405284B65A98030A4EA300081E
:10DBB0003864100188A638541009D50638639001DE
:10DBC00088A6385390098C618C02D5E8FCC0FC45CE
:10DBD00080E0F1853C0DFA4F44127950F28649FFFE
:10DBE000AAE63C1DFA8E84018127AE083C1DFA7519
:10DBF000AE0884003C0FFA9E840149FFBE49E6E965
:10DC0000E9028528846080C34C6480CD4413F04AC7
:10DC100044200055AE8840031D5784003E07E82687
:10DC20003C0DFA82A6018E0BE602E823AE8844037F
:10DC3000F403A6005A0001FD84438401842BF3877A
:10DC400049FFD8CC3C0DFA82A641101F8027842AB8
:10DC5000AE41842049FFD5F23C0DFA82001F802797
:10DC6000AE4184003C0FFAAE840149FFA9CDF30711
:10DC7000540480FF5084FFFFF0872E17E8262E0003
:10DC800028CFE2204EF2008C3C0DFA9E5A0001048F
:10DC90005A3801F584203C1FFA9E2E07E8268C0195
:10DCA00096003E07E8262E27E8262E0028CEE20220
:10DCB000E82F2E37E826B6FF8A604EA3000DF00548
:10DCC00014AF800114AF80028020F20696D8FA9437
:10DCD00084A1D51BF005F181F182442206DC80206D
:10DCE00096D8FA9484A1490000622E07E8262E30C7
:10DCF00028CEF10684A19AC3B6BFF581F58244020D
:10DD000006DC804196D8FA9449000051D50D2E5773
:10DD1000E826D80A2E00293C5A08010744020520AB
:10DD2000F10749FFFF2A2E07E8262E5028CED80FEC
:10DD30003C0DFA758421AE404C64400A2E07E82160
:10DD40005A0803063C0DFA758420AE402E07E826DB
:10DD50002E5028CFD80F4C64400E2E07E821C80A59
:10DD600084033E07E8213C0DFA8249FFAB2A49FFB4
:10DD7000FEE13C5DFAAE2E07E8268460D0073C0D3C
:10DD8000FAAE2E3028CE403180062E07E8262E50DF
:10DD900028CF4C507F74846048FFFF718CC148FFCE
:10DDA000FF35840049FFBD74FCC5FC593C6DFA3B4E
:10DDB0004490003C048F803A027300160263001204
:10DDC0004261A47344320000FF9FFEFF00930006EF
:10DDD00044700060F48104FF803C3C6FFA374234A9
:10DDE0009C734E8300038501E90285E150AF8008F2
:10DDF00051E18060812AA3D955C383FF13C48000F9
:10DE000041C3A80992F455CE03FF547383FF13C492
:10DE10008001127480028D264C3F7FEF8780F301D2
:10DE20004DC1803802330014029300150A750001B9
:10DE30004044801396D9B69F03E500235A73FF131D
:10DE40009261886796D9F43B38708D11FFE4409356
:10DE5000BD3738700D11FFEC4073A0F788E93871B9
:10DE60000D095BE3FF14B47FF43B9261887E96D981
:10DE700038708D11FFE44093BD3738700D11FFEC01
:10DE80004073A0F788E938710D0951CE0001D5C85B
:10DE9000FCD93A6FAABCEFFC2E00295C44120000AA
:10DEA00044223000443205104442351049FFFE91AF
:10DEB0002E67E7882E77E79184008AE63C0FFA8B7D
:10DEC0002E3028A22EA028A32E97E78A2E87E78C33
:10DED00097B14422300080A0802003E1000002F1CD
:10DEE0006DFE41EF27D6A51040F7A1F640FF3C019B
:10DEF00040F79DF64042249642433C7397211241DD
:10DF00007D302E4028A241E291F6928140F79007A1
:10DF100002417D3050427E3EE9038824D5028804C8
:10DF20008CA18C425A5A40DB42250C244031080A0D
:10DF300088039041882340000817401088372E201E
:10DF400028A3500001C2501081C23C0FFA8B3C1F25
:10DF5000FA779491840044328964444289E84450B9
:10DF600003E844628A68E002E80D38120101387360
:10DF70000101FE6C40109C36381181098C0196011C
:10DF8000D5F384C02E0028CFE2C0E80D96304410AF
:10DF900000AF2E27E7882E37E78A8CC149FFAC18DF
:10DFA00097B1D5F1444235102E00295C441200008F
:10DFB000442230004432051049FFFE0B4462348095
:10DFC0004442620044523000A4A82E17E78A02722D
:10DFD000EDFEA4E80202FD30403184768A602E070F
:10DFE000E78C40210456400380162E97E7889A500C
:10DFF0002E07E7918CA28A09400080164234807374
:10E00000961A18020001DEE12E07E80EC8163E0738
:10E01000E8213C0DFA8249FFA9D449FFFD8B440257
:10E020000BFC4412000049FFB79F44020BFC441252
:10E03000300049FFB799D53984033E07E8212E0700
:10E04000E78844128A683E07E7892E07E78A84C07A
:10E050003E07E7924402896449FFADF04402300074
:10E0600044120BFC49FFB780447289442E0028CF2C
:10E070002E17E78DE2C0E80D9630381385112E2754
:10E08000E7882E37E78A8CC149FFABA297B1D5EF5D
:10E090004402894438F005115EF78050E806840395
:10E0A0003E07FF4149FFAEC54403F04A4410005506
:10E0B000AE40EC043A6FAA84DD9E3A6FAABCEFFC36
:10E0C000FA0049FFD06C84013E07E7E92E07E8110A
:10E0D000C0032E07E8213E07E80E84003E07FF41FB
:10E0E0003E07E7EC3E07FC143E07E8213E07E80D3B
:10E0F0003E07E78E3E07FA842E07E7913E07E78941
:10E100002E07E78C3E07E79284003C0FFA4F3C0D48
:10E11000FA82A6013E07E82449FFB88C5A08021685
:10E120002E07E824540000FD5A08040449FFD0DFFC
:10E130003C0DFA828424AE41842049FFD37F3C0DFC
:10E14000FA82842EAE41D5053C0DFA82842BAE4175
:10E150003C0DFA8249FFA93549FFFCEC840849FFD0
:10E16000E1232E0029465A080104490004E5840CE5
:10E1700049FFE11A2E2028A344028A688420949142
:10E1800049FFAEFE2E2028A3440289E88420949102
:10E1900049FFAEF62E07FC14C8213C0DFA8249FF58
:10E1A000A9102E00295C4412000044220BFC4432CA
:10E1B000051044423BFC49FFFD0C49FFB83B5A00A7
:10E1C000020644000E6449FFBFAE84013E07E80C1E
:10E1D000840D49FFE0E949FFFE5E49FFB82B3C1D75
:10E1E000FA822E27E8245A0802069E12E602E80C5C
:10E1F000D5035A28020A840EAE0984C044A2052021
:10E2000044928AE8D503AE89D5F92E0028CEE2C023
:10E21000E81595F744028A684013A800442000409E
:10E2200049FFB6928CC144028A6840149C00442085
:10E23000004049FFB68997B0D5E93C0DFA8284C009
:10E2400049FFA8BF80E649FFDA1F9401E0C0E80853
:10E250003C0C044688068CC1AFC097B0D5F584004D
:10E260003E07E7EB84233E07E7E984013E17E7DE3C
:10E270003E07FE18EC043A6FAA84DD9EFC41B421EF
:10E28000006F802802108014B6DF9649CA04ACC023
:10E29000AD02FCC14061200954A3000144620000AA
:10E2A000FE77F1818781B43FE2A1E8F24410005883
:10E2B000048F800185E042828473812F8928842025
:10E2C0004070840995FA5460800188C740708C09B9
:10E2D0003824980897C6406090095073804C95B2D6
:10E2E00088C788C9547080075AA8010901E3000053
:10E2F00040751C0C407F1C04D508407E1C0C01E3BB
:10E300000000FFFB407F1C028C219648AFF05A189A
:10E3100025D985225AF0010485E1D5D18CA19768D1
:10E32000D5C3FC403C5DFA3B4460003C0242801295
:10E330004241987344320000FF1F3C4FFA37C96DC9
:10E34000A724025280149720FEEF44500058423216
:10E350001473CA3780A281228541956940801400D8
:10E36000892384A097284012040954720001944A1A
:10E3700088273864150140720C093864840897C6F0
:10E3800040121009546301005073804C944A88E194
:10E3900092C8971788E95A6801074043100CA7B83C
:10E3A000FF37D5064045100CA678FF23FF0E8CA141
:10E3B000AF385A5825D985225A20014A8441D5CEF2
:10E3C000804180C1949199C288C384409750409203
:10E3D000900940428C0940948808892697068889CC
:10E3E000549280070042004C4042240E409284091F
:10E3F00040948808974688A99706385314004042ED
:10E4000020088885384389098C415A2825E184C22F
:10E410005A10011E8421D5D7A6A602528016441098
:10E420000060FF5F425104738C0298E9A269542096
:10E4300083FF12207FFF4020A8099234542103FF5C
:10E44000541083FFAC80AC418C06DBF1FCC03C5D1A
:10E45000FA3B3C1C0039D109021280124420003CD6
:10E46000421008738001DD9E02028012500002D02B
:10E47000DD9EFC4581003C0DFA3B80C14410003C10
:10E48000020000124203047344120000FE0F3C0F0E
:10E49000FA378002B63F80E28123814449FFD9B434
:10E4A000B43FFE0FF085CF1080098027844180663D
:10E4B00049FFFF3984218041800A806649FFFF338C
:10E4C0008027FAB5D503FA3484A08006F187B6BF59
:10E4D00049FFD9A4F0863C0DFA3BB4BFF0823C0C56
:10E4E00000392E37E816F0832E07E7D78CA19E421D
:10E4F000F1849E41F181F10795699449882AF18759
:10E500008420B63FF1045C0000094011840788A90B
:10E51000F18845E2300044A23E6CF089F007B43F38
:10E52000381005015A1BFF04480000A7F002F2034F
:10E530004C01400502040002D50302040000F4056A
:10E54000948938120501F40640109036F4089A08B0
:10E550009603C420F409CC0C3C13F4434E0500058B
:10E56000A4288820D503A4289A41AC68D577CB0489
:10E5700038112809D5705A380172382128118A2299
:10E580004E140003FE4A964B40000416A46888010E
:10E59000D564F4044C320006F4014C324060D520BE
:10E5A0003801780981E0381128094E04000452F03E
:10E5B00000005EF7801FE9F14E05000C02F28000BA
:10E5C000F40150F7800112F280004C324048D50A25
:10E5D000A4688E21AC68F1014C30C041D5324E05A3
:10E5E0000031F40204FF80034C47C01138F12811B8
:10E5F0008A2F4E140003FE4A0244000D40F08011A1
:10E60000E08FE8121214000DD50F38F128118A2F6F
:10E610004E140003FE4A0244000C40F08011E08FCB
:10E62000E8031214000C381178114E140018E41F7E
:10E63000E915FE4A964BE001E911A4288C01D50D9D
:10E64000381178114E15000BFE029603E41FE906FF
:10E65000E020E804A4288E01AC28220280004E04A9
:10E6600000048400AC2822F280005EF78200E904F6
:10E67000440001FFAC28B41F8CA28C01B61F5A00C5
:10E68000240448FFFF4D5A78010884208009804106
:10E69000806649FFFE48FCC52E101446E622E904B8
:10E6A00040008006DD9E2E1014568440FE0D400171
:10E6B0000006DD9EFC40EE60B63F80C084208142B3
:10E6C000B00C442000B049FFF87F8420442000C0F3
:10E6D000B03849FFF879840149FFB8DA84013E0770
:10E6E000E7E53C5DFA3B3C0C0039D0078400B43FC1
:10E6F0003C0FFA4F49FFA55B3C1DFA8E8401469EF4
:10E70000FFFFAE083C1DFA7584E050948FFFAE0801
:10E7100084003E07E8163C0DFA3B50300030B4232D
:10E7200092309646B63FB443441EFFFFFE56B623D2
:10E7300096384C75002049FFFE8C44120000FE0FF5
:10E7400050300030B423B086923C96463813880887
:10E75000B423B089923E381388083C0FFA37B423AB
:10E760008CE14010A402B623B423944A9222B6232B
:10E77000D5E02E07FF4BC8163C5DFA3B3C0C003938
:10E78000D0043C0C0041D8042E002993D5032E0060
:10E7900029923E07E7D72E07E7D785015A080A08CE
:10E7A000D504840A3E07E7D74480008049FFB5427C
:10E7B0005A0802093C1DFA8E8401AE083C1DFA7508
:10E7C000AE08460EFFFF852050000FFF80E9F08362
:10E7D0002E07E7E55A000104480001754403F04A9A
:10E7E00044100055AE4084003E07E82684003C0FEC
:10E7F000FA9E49FFB51F5A0002193C1DFA845A18A7
:10E800000404840AAE31A6318E0BE602E80E5A18D3
:10E81000040D2E17E816C909840AAE313C0DFA82A0
:10E8200049FFD00C840BAE3149FFB5045A080205EC
:10E8300084013E07E7DC2E07E8164004000E96012F
:10E84000C80284013C0BF4433C5DFA3B3C0C0039AC
:10E85000D80C84003C0FFAAE4403F04A4410005533
:10E86000AE404413F403D50B49FFB4E45A0802F355
:10E870003C0C00413C5DFA3BD867D5ECA6085A0039
:10E8800001FF49FFB4D75A0002162E17E816A63129
:10E89000C10F5A080A0884013E07FE13842A840126
:10E8A000D5038401842B844349FFD298D5035A00B1
:10E8B0000AF449FFB4BF5A000208A63150107FF68F
:10E8C000E623E91DD52F3C0C00393C5DFA3BD8F618
:10E8D0002E57E816C5082E07E7D740100409D9EED1
:10E8E000E606E9EC84003C0FFAAD4403F04A44101C
:10E8F0000055AE403C0DFAADC0FED5E05A000A0707
:10E900008400842B844349FFD269A6318420100FF0
:10E910008017840AAE31800649FFCF90000F801720
:10E92000AE31840149FFA3702E07E7D72E57E816B2
:10E930008E01D8038400D50649FFB47C5A0802052D
:10E9400084013E07E7DC3C0DFA3BA006920A962FB5
:10E95000F0812E07E826F101E2014EF200A53C0D00
:10E96000FA9E5A0001045A9801F62E07E7D72E178F
:10E97000E8168E01E020E80F2E07E8262E5028CE5C
:10E98000D80A3C0C00393C5DFA3BD0053C0DFA75C9
:10E990008421AE4084003C0FFA9E2E07E8268C01AD
:10E9A00096003E07E8262E07E82649FFFE775A0024
:10E9B00001073C0C00393C5DFA3BD8612E07E82684
:10E9C00049FFD7F8F0822E07E7D72E57E8168E01B9
:10E9D000D84649FFB42F5A0802433C0C00393C5D2D
:10E9E000FA3BD83D3C0DFA75842184E0AE403C2DC5
:10E9F000FA3BB41F441EFFFF0431000C40004008E6
:10EA0000FE5EFE0F1401000C96384C75002249FF83
:10EA1000FD2044120000FE0FB04650400030381375
:10EA200084003C0FFA3796464020F008F303B424E4
:10EA3000FE5EFE57B624B049381384008CE14020B6
:10EA4000F808B424944A9222FE57B624D5DE840EE8
:10EA5000AE313C0DFA8249FFA4B484E1440290F83F
:10EA6000F1028440B0CCB13849FFFD05440290F872
:10EA7000F1028441B0CCB13849FFFCFD3C5DFAAEF7
:10EA80002E07E8268520D0072E07E8262E1028CE50
:10EA9000409080062E57E826F0014C507F5C852080
:10EAA00048FFFF592E07E8162E57E7D78C0196002E
:10EAB0003E07E8164C507E8E84023E07E7E548FF8D
:10EAC000FE89840049FFB6E4CF343C2DFA3BB41FE5
:10EAD000466EFFFF0431000C40104008440EFFFF5B
:10EAE000FE1EFE0F1401000C50630FFF96384C758C
:10EAF000002149FFFCAE44120000FE0FB04650302A
:10EB00000030381384003C0FFA3796464020F00856
:10EB1000B423FE76FE57B623B049381384008CE147
:10EB20004020F808B423944A9222FE57B623D5DF3A
:10EB3000EDA0FCC0FC212E07FF4BC8112E0029922E
:10EB40005A000A053C2014CAD503442001002E00B7
:10EB500029935A000A093C6014CCD507446001008F
:10EB60008046D5034460010084003C0800D83C087E
:10EB700000D92E0028CD3C3014C43C4014C584A0DC
:10EB8000B61F44127950440290F849FFFB794412B1
:10EB900079502E2028CF3C0DFA8249FFFD8D840943
:10EBA00049FFDC0249FFB3463C1DFA825A080209BC
:10EBB0008405AE098001842049FFCE40D503840A34
:10EBC000AE093C0DFA8249FFA3FC84EB840B49FF9C
:10EBD000DBEB3C3014C43C4014C584AA440290F8DA
:10EBE000441279508046B6FF49FFFB4A44127950DF
:10EBF0003C0DFA82844149FFFD5F84003E07FF4BD4
:10EC000049FFB3183C1DFA825A080204840ED50548
:10EC10002E07E8245A000204AE09D502AFC93C0D04
:10EC2000FA8249FFA3CEFCA1FC003C1DFA8E8402AF
:10EC3000AE083C1DFA75AE0884013C0FFA4F440043
:10EC400000A249FFDBA73C0DFA82A6015A080E126A
:10EC50008400847F3C2DFA85843F383100088C067F
:10EC60005A083CFA3C0DFA851010003C1010003D8B
:10EC70002E0028AB84C0520000013E67FF213E6792
:10EC8000E7D649FFCBA084013E07E7C03E07E7C2B5
:10EC90003E67FF23FC80FC4044A000704201A87343
:10ECA000B540851D44728320446282F040A428024E
:10ECB0002290800023C0800138538E0238130E0248
:10ECC000448282C05AA001050000004AC00A3C00EC
:10ECD000167938938E0A39C30E0A38040E0AD53FC6
:10ECE0003DE0167B40FF1007E9043C001678D51084
:10ECF0003CA0167C3C001679E08AE80A3CF01678C5
:10ED00008A9E8A0FFF048B5E40022816880F3844C3
:10ED10000E0285434240287380043CA0167A848406
:10ED20008C024000101638040E0A964B40850001F4
:10ED30004214042440450409421070738824401092
:10ED4000A836976B38130E0A421414244210247309
:10ED50008101890440A4295638A38E0A38038E0203
:10ED6000AC1038030E02AC11FCC0FC4280E03C0D3C
:10ED7000FA90F181B4009205960F5A0801094400F7
:10ED800000C83C0BF3BF44000096D5074400005078
:10ED90003C0BF3BF4400003C3C0BF3BD3C10166F32
:10EDA0003C0DF9BBE201E8048C013C0FF9BB50A318
:10EDB000800844928800448287DC84C004057FFE7A
:10EDC0004E0201345A0806044800013022150000A2
:10EDD0004402A3C494B238101A0922150001880213
:10EDE0008067AC410205000244128854120F80066D
:10EDF0000205000344228848120F8007B10380A651
:10EE00004402886049FFA72AB61F80268007B08386
:10EE100049FF9E88021F8006840AFE44121F800656
:10EE2000021F8007FE0C120F80072E002CD7C00C8B
:10EE300049FFBAB35A080209B0438007804180668F
:10EE4000B49F49FF9FF92E002CD8C00C49FFBAA5EA
:10EE50005A080209B043800780418066B49F49FF89
:10EE6000FF1C2E002CD6C007B0438007804180666F
:10EE700049FFA4CD0005005D5A080B4544028830C7
:10EE80000244800038101901020F8006442287E8EE
:10EE900088208A2444028830970B38401909021FC1
:10EEA00080073801190194F18820020480019A0832
:10EEB00096033801190980244E440003FE624E0473
:10EEC0000003FE029908E49AE91DE0014440006451
:10EED000E807FE244010043610140000D50CFE6430
:10EEE000400080169600E61AE804441FFF80FE0FDB
:10EEF0001004000044128830840038008C09380166
:10EF00000C09000400005410007FE63AE92F224467
:10EF10008000222F8006840A405200B6402100560D
:10EF200022348001DA0D22FF80074011803640072D
:10EF300080169A084E040003FE025A000111220FA7
:10EF40008007842A40318476400004164C304029E2
:10EF50008AA24E540003FF6A5A580123020480011A
:10EF6000124F8006120F8007D51BE61AE80C2224E8
:10EF70008001221F80079A518C28E631E804122F65
:10EF80008007D50E96024E04000C22148000220F3A
:10EF900080069A088C08E611E803121F8006221FDB
:10EFA0008006220F8007844A1214800040108836A1
:10EFB00012048001121F800640000816B0438041F1
:10EFC000120F800796F04402A4002E402C71F50128
:10EFD00049FF9455B04380078041806649FFA538BA
:10EFE00022FF800684004EF500075EF782D0E90517
:10EFF000440002CF120F800622FF800784004EF5E6
:10F0000000075EF78672E90544000671120F80075B
:10F01000020F8006802612050000020F80071205ED
:10F020000001800749FFA1008CC150A500708D240C
:10F030008D015A600A0448FFFEC3505383F0507399
:10F04000FF90D70F80050C12FFE45A1806FCA44469
:10F05000A4053C1BFCC83C0BFCC984003C0FF9BB5D
:10F06000FCC2FE5C421008739813400080169603A1
:10F07000DD9EE602E8093C03F38CE020E807E68623
:10F08000E80B8401DD9E5A080206E686E805840244
:10F09000DD9EE607E8028407DD9EE001E90DE0025F
:10F0A000E80A8A838A01FF048A414022085688625E
:10F0B00096DBD50280648003DD9E9691E65F8080BA
:10F0C000E807E6098401E90584025A480903840037
:10F0D0009759E6BFE80AE630E80458000004D50571
:10F0E0005A101004580000085CF10064E8113C5DFF
:10F0F000F9C55A58010EE631E90B5EF180C8E82BDC
:10F100004E35002AE689E9205A400926D5224E3597
:10F1100000235EF18096E81F3C3DF9C55A38020C89
:10F12000E68AE9195CF10096E816E630E9125A1011
:10F130001013D50A5A380310E689E80D5CF10096E1
:10F14000E80AE630E80458000010DD9E5A1010046A
:10F1500058000020DD9EFC4380E0220F801E228F9D
:10F16000801CF083220F80208124F084000F8044D3
:10F17000004F8048B61FFA0EF3823C0BFE683C0B32
:10F18000FE678141800380C280298048F303F585B2
:10F19000F48149FFFF9444228C5CF401F5054EA3F1
:10F1A000000438011E0A5A981F082E07FE1FC004CB
:10F1B000FA1D3C0BFE682E17FE1E54008001C01382
:10F1C00038011E0254000030C02C3C03F38CE005D3
:10F1D000E805E6C3E826E686E9035A6802233C0D03
:10F1E000FF3BD51B38011E0254200030C21A3C23BD
:10F1F000F38CE045E805E6C3E814E686E9035A68BF
:10F2000002113C2DFF3B54310002C3045430001066
:10F21000CB059696C205962EC00384C8D50284C23B
:10F22000964F4E1200B344028C5C38001E02F081EF
:10F23000960F4E0200AB3C03FE68E100E9055AA0C0
:10F240000104480000A3B41FC00844000064B43F98
:10F25000FE2440A00556D502B55F80068025804873
:10F26000F304F58549FFFF0780C0F5055A00020643
:10F270005A0008044800008A3C0DF9C55A000104F0
:10F2800048000084E730E9055CF5015FE90284C7C6
:10F290002E87FE1F4E820009E73CE9065CF5015F00
:10F2A000E90584C7D503E730E9703C13F38C844348
:10F2B000FE8C8005964B96938465848AF58549FF7C
:10F2C000FEEE84203E17FCA4F1029600F505C91E4F
:10F2D000FA423C4C043842148824948988448C2196
:10F2E0009449A4D0882496DBA5088443421188243D
:10F2F00085EA972340F0BDF6E08FE82B44128CACF2
:10F3000038109E11E42AE922D524F1025A1811225C
:10F31000FA42422488243C3C04388C5194519899F8
:10F320008E22A51088239723A4C884434212082460
:10F3300085EA96DB40F0BDF6E06FE80B44128CAC3A
:10F3400038F09E115EF782C7E90484213E17FCA4C1
:10F350004E82000BE735E9082E17FCA45A18010568
:10F360005A680811D5112E17FD89E201E804F10150
:10F370009646C9082E17FD88E201E807F001960EAF
:10F38000C004E6C7E80284C73C9DF9C55A98010449
:10F390004800007D44028C5C38A01E025405000C1D
:10F3A000C075F0032E87FCD2E41EE9064E82006F82
:10F3B000B41FE606E96B80068025F203F304B49FD0
:10F3C00049FFFE5980C04E820026B41FE606E9229E
:10F3D0003C0DFF3B54100002C10E5A980205541513
:10F3E0000008D5055A98030854150004C104E6C75F
:10F3F000E80284C79616C00E5A9802055405000408
:10F40000D5055A98030854050008C004E6C7E80269
:10F4100084C72E07FE1FC03A3C0DFF3B541000026C
:10F42000C11A5A98020C947A44228CAC882222F099
:10F4300080015EF78669E80CD50E5A98030D947A20
:10F4400044228CAC882222108001E42AE8045A6805
:10F45000080384C79616C01A5A98020B44028CAC53
:10F4600095FA88E022038001E40AE90DD50F5A9845
:10F47000030E95FA44028CAC88E022F380015EF71B
:10F480008669E9045A68080384C78006FCC3E20160
:10F49000E8039619DD9E8A41E040E8049A2396012C
:10F4A000DD9E4400FFFFDD9EFC423C1C03F084C057
:10F4B000B63F3C1C03EF3C6FFF3BF1813C1C03EE6D
:10F4C0003E67FCE83CADF9C5F18280E044528D8492
:10F4D000B4074E02008A5A08060448000086380223
:10F4E0009A025A0801044800008004838009B41F6E
:10F4F000401404088820A60900908000F101E60667
:10F5000039E0A10122138004E8039689D509E60CAD
:10F51000E905522082D09691D5034420FFFFE726CB
:10F5200022438005E80396E1D509E73AE90552321E
:10F53000067296D9D5034430FFFF50F07FFD5CF78B
:10F54000800CE80650F4FFFD5CF7801AE9235AA806
:10F550000314972150F27F655CF7853DE9045EF066
:10F56000809CE81850F27F645CF7853BE83D5EF0D4
:10F57000809BE910D5395AA8023850427F659721FF
:10F580005CF2053DE9045EF08235E9045EF0823606
:10F59000E92B5CFF0033E91F8029969396DBF58306
:10F5A00049FFFD8DF503C8173C0DFF3B58100001C6
:10F5B0003C1FFF3B5AA80205E731E909D5055AA8C7
:10F5C000030BE730E80458000003D503580000059A
:10F5D0003C0FFF3BF0022E17FCE838002101E2202F
:10F5E000E8033E07FCE88CC1507380705A600A043F
:10F5F00048FFFF702E07FCE8E615E9043E67FCD2E1
:10F60000D5072E07FCD2C0048E013E07FCD23C0D6C
:10F61000FF3BC0038405D5052E07FE1FC0048E01E5
:10F620003E07FE1FFCC23C3C0438440000FF504132
:10F63000821C8040842FA560976B5EF28042E909AE
:10F640005A28FF0580018041D504E2014000BC1B1F
:10F650008C219648504200245A1820EF8A024420F8
:10F6600000FF96005031823E8082842FA558976B10
:10F670005EF28042E9095A40FF06E2414020BC1B8D
:10F68000D503804180818C219648503180245A18BE
:10F6900020EF8A44E6043E27FD883E07FD89E80402
:10F6A0009610E604E9082E07FE205CF0003CE80610
:10F6B0008C01D50284003E07FE20DD9EFC404422E2
:10F6C0008C5C386106025413000F9E8DE642E90AF5
:10F6D0008E29E622E90754630030842040609806B2
:10F6E000D50284C13C3C03F19402886084A0A65AF0
:10F6F000A7DB3C9C04388005FB42E2E1E928A698A0
:10F700000081800143C0A824E302E91E404E0800A6
:10F7100095218889A5209723C605C2075A28110E6E
:10F72000D504C2065A201105C1035A181F07E080EC
:10F7300083C441E03C1B801EE0854042BC1B8C41E1
:10F7400080A49690D5E28C219648D5D844100064C8
:10F75000FE0C8CA1400014169603FCC05CF18033B3
:10F7600044128C08E90F443000704422A400422067
:10F770000C73043100093C2C03EE38210D01E64BDB
:10F78000E80438208000C21144228C84382102020F
:10F79000E643E8053C2DF9C55A200108844A382083
:10F7A000800844200078D502FA4E38108000C10647
:10F7B00044328C088E21381180088002DD9EFC497D
:10F7C0008121F28B80E08444B01180C349FFF8A509
:10F7D000220480002E17E82FF08722048001F08891
:10F7E0003C0008505A1001072E17FE7C5A100103E6
:10F7F0008C1E3C0BF38C4400007042730073810735
:10F80000B4E7C7505A70064E040400093C2C03F0BC
:10F81000944188223C2C03F400A0800100908000D9
:10F820003C1C03EF384102023C2C03F1385081119B
:10F8300094428822E746A689A6C88C418A439690BE
:10F84000F289A68BA64A8C419A519648F18AE8041F
:10F85000023F800ED50AE74CE906F107523082D00C
:10F8600096D9D5034430FFFFE726E804022F801025
:10F87000D50AE73AE906F108522086729691D50337
:10F880004420FFFF96008026F28FF38EF58DF48CD6
:10F8900049FFFF1697C0F40CF50DF30EF20FD50CCF
:10F8A00084E04420FFFF449000FF8062F78AF789DC
:10F8B000814980A7808744028D84F08C38101A0219
:10F8C00083C0C94D95F244028CAC8807027F800E3C
:10F8D000ADC0027F8010ADC144028CD444728C84D0
:10F8E0003810190944028C5C38139A0A38101A0A25
:10F8F00044028C3438101909B4085A0801242E0720
:10F90000FCCB96DBE60244028C20969338F0180874
:10F9100044028C1485E438F0180844028C089723BC
:10F9200038101808F009B67FF083F00AF281F482EB
:10F93000F08480418006806A808949FFFC0E38038C
:10F940009A0A44028C8438001A024E0202154402BC
:10F950008D84842138101A0A4800007B5A10010453
:10F96000480001A85AA0FF1CB4085A080219F0095F
:10F970009693F083F00AF28196DB972344228C84DD
:10F98000B67FF482F08438211A028006806A80896A
:10F9900049FFFBE344128C8438009A0A44028CD459
:10F9A000381019115EF08023E8108C2138101909E5
:10F9B00044128C20382098005A2801083C2DFF3B27
:10F9C000C204845E38209808B428C1035A18060976
:10F9D00044028D84842038101A0A480001CD5A1838
:10F9E000043C44128C8438109A025A1002045A18AB
:10F9F000083038F019115EF78023E82A44128D840C
:10FA000044228C20840038009A0A381118005A18B1
:10FA1000FE0E44128C5C38109A0254108030C106DD
:10FA2000B60838011808480001A73C0DFAB85CF088
:10FA3000012D4EF301A12E07FCCA4E02019D440286
:10FA40008C5C38001A02540000304E02019584008C
:10FA5000B608480001918E21E6224EF2018D441233
:10FA60008C8444428C5C38109A025A1002045A1852
:10FA7000087138121A0254108030C16B3800191105
:10FA8000E419E96744028C20380018005A08FE0483
:10FA9000480001002E07FE1E54200001C20CF10791
:10FAA0008E2A96495CF082BDE906F1085EF0862850
:10FAB0004EF200F0960E9600C01C021F801050F00F
:10FAC000FFF65CF7865FE909F3075031FFB596D979
:10FAD0005CF1823B4EF200DEF3078E6A96D95CF150
:10FAE00082BDE90750F0FFB55CF785DD4EF200D22C
:10FAF00044128C5084603830980844128D8484629B
:10FB000038309A0A4410006412140036C007F00816
:10FB10008E0A96015CF0065FE808C20CF0078E0AB8
:10FB200096015CF0065FE90684013E07FCCC4800C4
:10FB300000B3840294723E07FCCC44028CAC880172
:10FB40002210000022000001F187F088480000A484
:10FB50002E07FE1E9606C00738021A025400003314
:10FB6000C007D51638021A025400000CC011802AB2
:10FB70008049F3098006F48A49FFD6E2F089802A99
:10FB800080068049806749FFFDEBF40AD510802A82
:10FB9000804980678006F48C49FFFDE2F089802A65
:10FBA00080068049F30A49FFD6CBF40C44128CAC92
:10FBB000F30738209A118A434E240003FE9294F2F0
:10FBC0008823F3082210800196918A234E140003A3
:10FBD000FE4AF3099649E262E903E201E85A443237
:10FBE0008C5084A0385198080434000B5CF180C814
:10FBF000E90744328C1484A238519808D5045CF18A
:10FC00008096E90444300064D503443000FA12348D
:10FC100000362E37FE1E2E5FFCCC96C6CB05383242
:10FC20001A0296CFC325F309E2628440E8028442B7
:10FC3000E20138021A024052BC04FF57540000335C
:10FC40003E57FCCCC020020F800E50F07FF05CF7D6
:10FC50008054E90650F07D935CF78054E814F00876
:10FC60005EF005ABE91084023E07FCCCD50CF4092C
:10FC7000E201402208069692E8028462FEAFFED7B7
:10FC80003E37FCCC44028D84842238101A0AD503F6
:10FC90008400B6082E07FCCCE602E96D44028CAC69
:10FCA00095B288C022030000F08722030001D559D5
:10FCB0005A18026244928C50B428380498008C017F
:10FCC000960038049808C1035A1806068400380FB5
:10FCD0001A0AD55144A28C1438151800E201E843E1
:10FCE0002E07FCCCE602E947840038049808020F8E
:10FCF000800E44728CAC120F8022020F80103813D9
:10FD00009A02120F8023F01149FF9BFD842049FFC6
:10FD1000D5CA022400369601E240E80638051800EC
:10FD2000380498088002B4285A18030600140020EA
:10FD30009656C92138339A119A50F407FECC4232B4
:10FD4000007395B24031887688E696DBF3872233DC
:10FD50008001FE5CF3084211807340108836960BD8
:10FD6000F088D509840044128D843E07FCCC8400C1
:10FD700038009A0AF00B021F800EAC40021F801060
:10FD8000AC41FCC9FC41814049FFD5C149FFFC4D54
:10FD9000800A49FFFB8B3C0DFF3BC00A2E07FCCBC2
:10FDA0005CF00023E8328C013E07FCCBD52E2E17E9
:10FDB000FCCA3E07FCCBC90884C05095000880E609
:10FDC00044828D84D5058E213E17FCCAD5F6802944
:10FDD0008444B00149FFF5A1B0418041800A96F802
:10FDE00049FFFCEF8009B041844449FFF59638048F
:10FDF0001E02C0038CC197B08CE1509480705A7879
:10FE00000AE83E67FE21FCC1FA013E07FCCAD5D5CF
:10FE10003C1DFA90B4219225964FC10EFC0080C083
:10FE200049FFB2BB5A0802082E002957C8048006B1
:10FE300049FFFFAAFC80DD9E0000FC00C0085A08B4
:10FE4000010B49FFB6AD3C0FFABCD50549FFB6A57D
:10FE50003C0FFABBFC808020E6293C0DFABCE8256B
:10FE600044F0EC083817840040F0BC00DD0F0A3C79
:10FE700010161C22282E34003C0DFABBDD9E5000CB
:10FE80000050DD9E500000A0DD9E500000F0DD9E81
:10FE900050000140DD9E500001E0DD9E50000280D8
:10FEA000DD9E50000320DD9E8400DD9E9200440212
:10FEB0007F4484213C0FFBE584003E07EF983E071A
:10FEC000EF993E07EF9D3E07EF9E3E07EF6D3E0721
:10FED000EF6C3E07EF6E3C1FF9BA3E07EA1B441277
:10FEE0007F008400845F382080088C015A0841FD1F
:10FEF000DD9E4433F405AE984423F406AE5044131B
:10FF0000F404AE08DD9EA640A6853E101444A6412A
:10FF1000402120083E101445A642A6C63E101446B5
:10FF2000A643004000083E101447A6448841A64757
:10FF300096934010A008882300300009964B40316A
:10FF4000A00888643C380A260030000B0040000AF4
:10FF50004031A00888643C380A270030000C3C2857
:10FF60000A243E3014500030000D3C180A253E3063
:10FF700014510030000E96C63E3014520030000E70
:10FF8000926196C63E3014530030000E926296C6BF
:10FF90003E3014540030000E926396C63E30145525
:10FFA0000030000F3E3014560030001100400010A9
:10FFB0004031A00888643C380A2C0030001300400F
:10FFC00000124031A00888643C380A2D003000152A
:10FFD0000040001496CF4031A00888643C380A2EB7
:10FFE0000030001592623E30145E00300017004071
:10FFF000001696CF4031A00888643C380A300000D3
:020000040001F9
:10000000001792023E00146240012C0A9606C006B8
:10001000440FF000FE873C280A244000AC0A9606F4
:10002000C006440FF000FE473C180A25DD9EA4C020
:100030004422903C44120000FECFB662A4C250415C
:100040000020FECFA8D2A4C4FECFA8D1A4C6FECF64
:10005000B66402300008FECFA8E10230000AFECFED
:10006000A8E20230000CFECFA8E30200000EFE471B
:10007000A864DD9E4413F40BAE08DD9E4413F40720
:10008000AE084413F408AE08DD9EFC004403F537C7
:100090008424AE40840080208040806049FFCA5F95
:1000A000FC805A0804053C0C0039D5033C0C003791
:1000B00002000013844C4200887344120000FE0FBB
:1000C00000000008DD9E5A0804053C0C0039D503E9
:1000D0003C0C003702000013844C42008873441229
:1000E0000000FE0FA001540003FFDD9EFC002E0067
:1000F000144784C05A08010384C38026840349FF3F
:10010000FFD23E07E7FF8026840349FFFFDE3C0B5A
:10011000F4488420840449FFFFC63E07E7FA8420A0
:10012000840449FFFFD23C0BF44BFC80B44084A014
:100130008C449C2EA2D196005A58200680A05A08C2
:1001400024FADD9E5441801F384094088CA19768A2
:100150009265D8F3D5F4FC404492903C84E0B40915
:1001600084C13C0FFA3B4403F40B4413F407AFC0C3
:100170004403F40DAF804403F40EAF804403F40550
:10018000AF804403F406AF804403F404AFC084029C
:10019000AE084413F408AE0849FFFF794403F01E8B
:1001A000AFC04403F420AF804900008C80094412A2
:1001B000913849FFFFBD441290C0800949FFA13624
:1001C000490000C3840149FFAB38490000F84403EB
:1001D000F416AFC0FCC0FC002E20296884003E2726
:1001E000E817442000FF3C2BF4233C2014D2842247
:1001F0003C2BFCF23C2014D33E07E8213C2BFCF3C3
:100200003C2014D43E07E80E3C2BFCF43C2014D5D3
:100210003E07E78D3C2BFCF53C2014D63E17E78FBC
:100220003C2BFCF63C2014D73E07E7E93C2BFCF7BF
:100230003C2014D83E07FF413C2BFCF83C2014D94D
:100240003C2BFCF93C2014DA3C2BFCFA3C2014DB60
:100250003C2BFCFB3C2014DC3C2BFCFC3C2014DD48
:100260003C2BFCFD3E07E81584413E07E7E73E07CF
:10027000FA843C040A303E27FA0084403C2BF424E4
:100280003E27E7EF3E17E798844F4010240A3C2FA3
:10029000FA549646442000553E27E823C104441FE3
:1002A000FC00FE0F3C0BF4443C040A2E4010240AD0
:1002B0009646C104441FFC00FE0F3C0BF442FC8038
:1002C000FC004462B80000030126490000A90003B5
:1002D0000127490000AA00030128490000B00003DB
:1002E0000129490000A744004A5C490000ADFC8098
:1002F0003C0FFF06DD9E3C3DFA3B0221801200319F
:1003000080499691AEC03C0DFA3BB40092039637FB
:10031000AE082E07E821C81744120000400104046B
:10032000A00454000FFF960340102C09C104441F81
:10033000F000FE0F3C0BF4223C07F4223C0BFCFEC9
:100340003C0814D1DD9EFC0084033E07E821848133
:100350002E07E7DB445279502E17E7DF2E27E7EA16
:100360002E37E7FE49FF9E112E07E7EFC80A440229
:1003700076E8441276EA49FFFFC084013E07E7EFC2
:1003800084003E07E82184812E07E7DB4452795040
:100390002E17E7DF2E27E7EA2E37E7FE49FF9DF508
:1003A0002E07E7E7C80A440276F1441276EC49FFCB
:1003B000FFA484013E07E7E7FC803C0DFA3B4412B2
:1003C000000002000012500002D0FE0F44101B5E1D
:1003D0001210001A44021B5E44100400AC40DD9E63
:1003E00044021BD83C0FFA554403F142441FFFD886
:1003F000AE404403F143FA2BAE403C1DFA55840055
:10040000A80E3C1DFA55A80F3C1DFA551400800893
:10041000DD9E4403F3C98421AE40DD9E4413F3C541
:100420009600AE08DD9E4413F3C69600AE08DD9E2E
:100430004413F3C79600AE08DD9E4413F3C896003C
:10044000AE08DD9E4413F3DE9681AC888002DD9E0B
:10045000FC00844180628082FA3144002B4049FFD5
:10046000AF3F84218041806180814400FB4049FF8F
:10047000AF37FC80FC204472B80084C02E002FDC13
:100480008CE4E2C0E81084610203839E0013873E7F
:100490002E202FDD808349FFAF238CC11003873FBF
:1004A00097B0D5EDFCA04423F054AC104403F056B3
:1004B000AC40DD9E4403F58784234423F583AE409E
:1004C0008402AE104423F59FFA70AE504423F59B8E
:1004D0004443F58CAE104423F5AD84A5AE504413CF
:1004E000F5A9845FAE084403F5814413F580AE801E
:1004F0004403F585AEC08401AE084413F588AE0808
:100500004413F589AE084413F58AAE084413F58BFD
:10051000AE088420AE604443F58DAE604443F58E52
:10052000AE204443F58FAE204443F590AE204443C3
:10053000F591AE204443F592AE204443F593AE20AE
:100540004443F594AE204443F595AE204443F596DC
:10055000AE204443F597AE204443F53FAF6044439B
:10056000F08CAE204443F599AEA04443F59DAEE037
:100570004443F598AE204443F5A0AE204443F5A192
:10058000AE604443F5A2AE204443F5A3AE204443FD
:10059000F5A4AE604443F5A5AE604443F5A7AEA014
:1005A0004443F5ABAEE04433F5A64443F584AE18BE
:1005B0004433F5AEAE184433F5AFAE184433F5B05E
:1005C000AE184433F5B1AE184433F5B2AE584433E7
:1005D000F5B3AE584433F582AE98FA71AEE04443B9
:1005E000F586AE204443F59AAEA04443F59CAEE0B8
:1005F0004443F59EAE204443F5A8AEA04423F5AA9B
:100600004443F51AAED04423F5AC846AAE104423BB
:10061000F56BAED02E2014544433F51BAE60AE58AB
:100620005A28011C4403F51CAE804403F51DAE405E
:100630004403F51EAE404403F51FAE404403F514D9
:10064000AE404403F515AE404413F518FA14AE0855
:100650004413F519AE08D51D4433F51CAE184403F8
:10066000F51D846CAE404403F51EAE404403F51FF7
:10067000AEC04403F514AE404403F515AE40440348
:10068000F51844100034AE404403F519FA2BAE407F
:100690004403F56A8421AE404413F5B4840FAE08D8
:1006A0004413F5B54433F516AE084413F5B6840388
:1006B000AE084413F5B7AE084413F5B8AE084413BA
:1006C000F5B9AE084403F5175A2801068420AE5840
:1006D000AE40D5048425AE58AE404403F5BA5A283E
:1006E0000104AE80D5038422AE404403F566842E17
:1006F0004423F567AE408402AE104423F568AE5043
:100700004413F5694423F340AE088438AE504423C3
:10071000F524AE504423F525AE504413F523844A06
:10072000AE884413F344AE0884008020804080608B
:1007300048FFC71596069404965FFE474403F043AE
:10074000AE40DD9E4413F044AC08DD9E4403F0C08F
:100750003C0FFA494403F0D44410021CAC4044233B
:10076000F04A4413F0F444300055A6089600C00344
:10077000AED0D5FC4413F0C28441AE884413F06976
:10078000AE08DD9E92084413F0D49601AC08DD9EBD
:100790004403F0CE44100438AC404403F0D084202D
:1007A000AE40DD9E40101C094423F0CE9649AC506B
:1007B0004413F0D09600AE08DD9E4423F050961707
:1007C000A65094045410808FFE47AE50DD9E441313
:1007D000F04E9600AE08DD9EFC00840749FFB2464D
:1007E0004403F04C8420AE40840749FFFFE84403F3
:1007F000F04E8421AE4049FFB25DFC80FC208400B5
:1008000049FFB26844020BFC3C0FFA3F440211104E
:100810004412792C3C0FFA344402163484413C0FC4
:10082000FA428400AE88AE89AE0AAE0BAE0CAE8D35
:10083000AE0E4412A2584430007DACC9ACCA44305C
:10084000008212308008FA6444600078848384AAAD
:1008500010308012FA64AE8E1000800EAD8EAD0C9A
:100860001000800B1050800A1230800A4412794820
:100870004470005FAE88AE0944123BFC3C1FFA3C5A
:1008800044123C083C1FFA2C44123C143C1FFA450D
:1008900044127990AE88AE89AE0AAE0BAE0CAE8D26
:1008A000AE0E44129F541000800EADC9ADCA447004
:1008B0000064AE8E12708008AD8EACCC1000800B40
:1008C0001050800A103080121240800A4412796061
:1008D000AE88AE09FCA03C0FFF09DD9E44123D44EA
:1008E0001410000A44123C1C1410000944123CB0BD
:1008F0001410000B44123DD41410000E44123D405D
:100900001410000F44123CAC1410000D44123DD8DA
:100910001410000C44123E681410001044122F7082
:1009200014100013DD9E3BFFFCBCEFFC8401FA2297
:1009300049FFFF02EC0444000CD53BFFFC8448FF58
:10094000FF034413F302A6088C025EF00020E808BF
:10095000A6084413F01F8C029600AE08D505440388
:10096000F01FFA2FAE404403F3024413F01FA60019
:100970009600AE08DD9E3BFFFCBC8400EFFC8020AF
:1009800049FFFD9349FFFF0649FFFBE749FFFFCD04
:1009900049FFFFD949FFFF3449FFFD8E49FFFD2282
:1009A00049FFFF1C49FFFD37EC043BFFFC8448FF77
:1009B000E2993C0DFA843A6FA8BC80C15A0804142D
:1009C0002E00293BC010D52A2E77E7F8CF108401DE
:1009D00049FFD59D8461840280278047808380A35E
:1009E00049FFC56049FFACD95A0802F049FFACD5B0
:1009F0008120C8142E77E7F85A78011149FFAC9688
:100A00004400003249FFB442800749FFADCC800961
:100A100049FF9BAD800749FFAC89840249FFD57728
:100A2000840349FFD5743C0DFA845A08041349FF26
:100A3000ACB45A00020F2E70293B5A78010B800784
:100A400049FFADB1840049FF9B92800749FFAC6E1E
:100A50004473F04A449000553C0DFAA1C00C840543
:100A600049FFD555840649FFD5523C0DFA845A08F2
:100A70000411D50B49FFAD9B5A0801F3840449FFCB
:100A8000D54610938000D5E949FFAC875A08020784
:100A90002E07E7F85A080116D5052E00293B5A08FB
:100AA00001F949FFC64E840049FFA7C83C0DFA82F0
:100AB000842049FFC7768402AE313A6FA884DD9E58
:100AC00080468405842049FFA7E43C0DFA828420F7
:100AD00049FFC7678402AE31840149FFAFAC840788
:100AE0003A6FA88448FFD513B400920196065A08BD
:100AF0000109440000643C0BFE413C0BFE40DD9EBE
:100B00003C00168F3C0BFE413C0016903C0BFE4017
:100B1000DD9E3C0FFF27DD9E3C0FFF26DD9E3C0D3A
:100B2000FF27A4413C1BFE45A444A6003C1BFE44F9
:100B30003E07FC86DD9EFC0049FFC4E484203C0F98
:100B4000FF6D1010005010100051101000521010C6
:100B500000531010006010100061FC80FC402E005B
:100B600028A24452B8003E0028AF2E0028A3443FDC
:100B700064783E0028B04412B82498AB0802800183
:100B80009602AE10D9FB44321C7C44221C7DA61870
:100B9000A6509602964AAE58AE1044321C7E4422AD
:100BA0001C7FA618A6509602964AAE58AE102E107C
:100BB00028A32E0028A28521FE0C3C08146A4402BA
:100BC0001C8584C0A64010900000A641AF8144025D
:100BD0004E203C6FFA8349FFFA2C3C0C003744123C
:100BE00018CA3C0FFA7C44A218C844021C5C442278
:100BF00018C4B6C012650000AD883C2FFA8E44229E
:100C000018C53C2FFA75442218C63C1FFA813C0FC8
:100C1000FA903E67E8073CAFFA713C2FFA82A48055
:100C200084BDFEAEAC80A480849B40212404AC80B3
:100C3000A4808477FEA6AC80A48084E1FE9EAC8074
:100C4000A48058210010AC8002800000442FFF9F38
:100C50004024080258210020AC8002800000442F6C
:100C6000BFFF40240802AC8002800000442FF3FF45
:100C700040240802AC8002800000442FCFFF4024B3
:100C8000080258212000AC80B4003C0FFA8FA40861
:100C9000FF46AD48A488841EFE16AC08A408FF06D3
:100CA000AD08A408FEC6ACC8A408120500002E00BA
:100CB00029483E67E82D3E07E7F4440FFFAA3E07A8
:100CC000E7F9440000553E07E7FC3E07E7F53E071D
:100CD000E82A3E67E81D3C9FFFCA3E67E8303E6752
:100CE000E8293E67E7FD3E67FF4B3E67E7D63C6B72
:100CF000F4463C6BF44A3E67E80A3E97E8193E77B3
:100D0000E7E449FFFF1A3C0DFA823E67E7A03E6721
:100D1000E7E3AF813E67E7A23E77E8113E67E81060
:100D20003E67E7E1AF802E0029393C1DFA8E3E0771
:100D3000FF3C84023E67E7DB3C6E006D3E67E7DF09
:100D40003C9E00713E67E7FE3E67FF3D3E67FF3E0B
:100D50003E67E7EAAE083C1DFA75AE083E07E7DEDF
:100D60004402A02C3E67E7EB49FFFDBA80263C0C0D
:100D7000044684E088068CC1AE405A6848FA4402B2
:100D800090703C0E007244029EC03C0E0073440200
:100D90009F6C3C0E00744402A2E83C0E0075840077
:100DA000441000823C0BF4513C0BF44E3E07E7E04C
:100DB0003C0BF44D2E0028A33C1808503C18085456
:100DC0004412A2C03C1E04293E0029D544129EA80C
:100DD00084003C1FFA7E3E77E9F43E77FEFC49FF33
:100DE000F82E840149FFF82B840049FFF8363C0EA9
:100DF00003EC840149FFF8313C0E03ED840249FF06
:100E0000F82C3C0E03EE840349FFF8273C0E03EF59
:100E1000840449FFF8223C0E03F0840549FFF81DC5
:100E20003C0E03F1840649FFF8183C0E03F28407D8
:100E300049FFF8133C0E03F3840849FFF80E84C001
:100E40003C0E03F43C6FFFCE3E77E7FB49FF9774FF
:100E50003C0014593C1015663C0815643C00145ABB
:100E60003E77FF343C0815CD3C001567940188019E
:100E70003C0815683C0015D03C1015CF9401880142
:100E80003C0815D149FF8BAE3C0FFA8549FFF8119C
:100E90004402A4003C0E04A44402A00C3C0E04A591
:100EA000440279743C0FFA8A3E77EA193E77EA18D1
:100EB0003E77EA1A3E70128C8006847F3C2DFA85BC
:100EC000843F383100088C065A083CFA3C0DFA85FC
:100ED00084C084E11010003C1010003D441000401C
:100EE0001010004084003E07E80F3E07FF433E0716
:100EF000FF453E07FF463E07E9C83E07E9CA3E07F1
:100F0000E9C93E07E81C3E07E7DC3E07E82B3E0741
:100F1000E7C13E07FF4A3E07E9ED3E07E9EE3E071F
:100F2000EA213E07EA223E07FF473E07FF483E0010
:100F3000111CFA183C08089244000082842A3C08DC
:100F4000089484043C6FFFCB3C6FFFCC3E67FF44AA
:100F50003E77E8003E17E9EC3E17EA203C6808932C
:100F60003C6808A33C0808A4440000553E07E782FB
:100F700044021CD0441FFF80AE404400041A3C08C9
:100F8000089CFA063C08089E440FFE0C3C1DFA81A2
:100F90003C08089F84093C0808A1440003843C08DD
:100FA0000899FA023C08089BA608540000F7AE080E
:100FB00044024E003E67FF493E67E80B3E67E81378
:100FC0003E67E7F649FFF7A149FFF9072E0028AF72
:100FD0002E1028B03E77FF403E77E80C49FFA70966
:100FE0003E67E81AFCC0FC204462B8B8800649FF9E
:100FF000FC7450737F485003011849FFFD8C800733
:1010000049FFFD8C49FFFD8D3C0DFA9049FFFD6EB7
:101010005003004849FFF96E800749FFD5B6FCA090
:101020000000FC0084003C0FFAAE3C0FFAAD440314
:10103000F04A44100055AE403C0DFAADC0FE49FFE9
:10104000CC504402A02C4412777949FFCC51441271
:1010500079503C0DFA4F49FFA251840149FFA17B11
:101060004403F04A44100055AE402E0028CF3C1DEA
:10107000FAAE8E01E220E80A84018440802080627A
:10108000808080A249FFCB02D5F14403F04A44108E
:101090000055AE4049FFA148C0FEFC80FC003C0D5D
:1010A000FA828423AE4149FFA3332E17E82044027D
:1010B000795049FFA37A840049FFB5913C1DFA8E0F
:1010C0008401AE083C1DFA75AE083E07FF0449FFD7
:1010D000D286E6028400E90449FFD2818E023C0FE9
:1010E000FFCB84023E07E82B84003E07E7C4FC8068
:1010F000FC002E07FF1C5A08010B2E07E7A7C807A4
:101100004402A02C4412777949FFCBF24412795063
:101110003C0DFA4F49FFA1F2840149FFA11C440391
:10112000F04A44100055AE404413F403A6085A0098
:1011300001FFFC80FC002E07FE1884C03C6FFFCB33
:101140005A08010A8402842B844349FFCFEE3E678C
:10115000FE18D5068401842B844349FFCFE63C0D5D
:10116000FA82842049FFCD113C0DFA82842BAE41D6
:1011700049FFA2CE49FFFFBE84013E07FF3D840028
:101180003E07E7C449FFB93C49FF92608401842BC4
:10119000844349FFCFCAFC80FC41A6818E49E644C6
:1011A0004EF2015280E380C044F0ED683827890197
:1011B00040F13C00DD0F0800D8006C0006023C0D39
:1011C000FA845A08061D84003E07E7C13E07E7C4BB
:1011D00049FFB1D7C00749FFCBA83C00169949FF8A
:1011E000AD21840349FFC98249FFFFA63C1DFA7562
:1011F00084013E07E7C0AE08480001265A000904F2
:101200004800012249FFB1BD5A0002044800011CF8
:101210003C0DFA82842049FFCCB88403AE314800EB
:101220000113A6005A000204480000B53C0DFA90D4
:10123000B400920796065A0801043E07E7FBA60889
:101240004E0300972E07E7FB4E03009304938003A1
:1012500049FFB8F7E3204EF300914403F04A4410ED
:101260000055AE403C1DFA8EA608C0FF8520840ABA
:101270003C9BF4323C9BF431AE313C0DFA8249FF89
:10128000A24784001093801DA83B3E97E7C42E9789
:10129000E7C14E9300342E07FE185A080109842A2C
:1012A000844349FFCF423E97FE18D5068009842A21
:1012B000844349FFCF3A8006842049FFCC6649FF2A
:1012C000D11E84438401842A49FFCF2F80068420C5
:1012D00049FFCC5B49FFD1134900045E3C0DFA7510
:1012E0008421AE4049FFD168F0818440846184024A
:1012F000F101808380A249FFC9C980062E17E81931
:10130000490004A32E97E7FB5A98010C49FFFF14EC
:101310003C0DFA753E97E7C010900000480000941D
:101320003C93F432A63149FFD14AE320E903490056
:1013300004023C93F431A63149FFD149E320E9117D
:1013400085203C0DFA8214938003802949FFCC1D2F
:10135000840CAE3184013E07E7C43C9BF431D57365
:1013600049FFD12AF081F10184028440D5642E071F
:10137000E7C04E02FF6DD5062E07E7C04E02FF6F95
:10138000D5628400A83B84011003801D49FFB83852
:10139000D55A3C0DFA845A08070F840AAE3149FF2A
:1013A000FECB3C1DFA7584013E07E7C0AE08FA008B
:1013B0003C0FFA8484001003801DD5452E07E7C436
:1013C0005A080114842B844349FFCEAF3C0DFA82A6
:1013D00049FFA19E49FFFE8E84023E07E7C43C0DF3
:1013E000FA758420AE40D52F5A08022E84003E079D
:1013F000E7C4A608C8042E07E7FBC0042E07E7C011
:10140000C820840AAE313C0DFA8249FFA1818401D3
:1014100084213E07FE7B3C0DFA8249FFCBB684C097
:1014200084001003801DA9BB49FFD0C6F081F101E3
:10143000840280468461808380A249FFC927D50346
:1014400049FFFE7AFCC1FC41A6818E43E6454EF27F
:1014500001A480E3812180C044F0F018382789017D
:1014600040F13C00DD0F0A007201300386022203C6
:101470003C0DFA845A08091E49FFB0835A08021A23
:1014800044027736441277EC49FFCB044402775488
:101490004412775949FFCAEF840DAE313C0DFA82F0
:1014A000842049FFCB728403AE31FA003C0FFA84EA
:1014B0000003801C5A08014B2E00293A5A080147A4
:1014C0000493800349FFD08BE209E84049FF918BE8
:1014D000C83D2E07E7DF5A0004254403F04A4410B4
:1014E0000055AE403C1DFA8EA608C0FF2E07E8212D
:1014F0005A08030449FFA7EC44027950441277804C
:1015000049FFA14B84013E07E7F284203C0DFA829B
:1015100049FFCB3B8404AE313C0DFA8249FFA0F871
:1015200084003E07E83C49FFAB4C3C0DFA82842125
:1015300049FFCB2B8401844084613E07E80F842659
:101540008402808380A249FFC8A13C0DFA8EA600C8
:101550005A000104480001213C0DFA75A6005A000A
:1015600001044800011A3C0DFA9F4E0301160003C6
:10157000801C84CF5A0001064667FFFF50630FFFAF
:101580004403F04A44100055AE4084003C0FFAADCD
:1015900085413C0DFAAD4E0301003C9DFA9F4E93F0
:1015A00000FC49FFAFEE5A000204480000F60003B9
:1015B000801C5A080109802080498069808080A9A8
:1015C00049FFC8644E6600082E07E80FC8E33EA72F
:1015D000E80FD5E08EC1D5DE3C0DFF074E070008B1
:1015E0002E07E7B85A00010449FFAA5249FFB44F39
:1015F0002E77E7C1CF1E49FFAB098027800649FF40
:10160000CAC4840149FF9EA74403F04A4410005510
:10161000AE4049FF9E89C0FE490002BE3C0DFA82E1
:10162000842149FFCAB284003C0FFF0749FFAA305A
:1016300084003E07E7C42E17E81980064900030519
:101640003C0DFA90B400920796065A0801043E0732
:10165000E7FB2E07E7FB5A08010984023E07E72E45
:1016600049FFAC47480000993C73F432A63149FF6A
:10167000CFA6E2E0E9034900025E3C73F431A631F3
:1016800049FFCFA5E2E0E918440FFFAA3E07E7F5BE
:101690008406AE313C0DFA8249FFA03A84203C1BFF
:1016A000F4313C1DFA8E84013E07E7C4AE083C1DB0
:1016B000FA75AE08D51C3C1DFA8E8401AE083C1D9F
:1016C000FA75AE083C0DFA82842149FFCA5E4413C4
:1016D000F04A442000553C0DFAADC803AE88D5FC55
:1016E00084003C0FFF0749FFA9D3D5562E77E7C4E6
:1016F0005A78011B49FFFC972E07E7FB5A00014B64
:1017000080273C0DFA8249FFCA408406AE313C0D69
:10171000FA8249FF9FFD84023E07E7C43C0DFA753B
:101720008420AE40D5395A7802383C0DFA8EAFC0CD
:101730003C0DFA75AFC000048000C8272E07E7FBF8
:10174000C8242E27FEFCCA218002F28149FFB2582C
:101750008404AE313C0DFA8249FF9FDA3C1DFA8EBB
:10176000F20184013C2FFA4FAE083C1DFA758461EA
:101770008483AE0880A23E07E80F842C80073C2FAC
:10178000FF0749FFC783D5083C0DFA82842049FF33
:10179000C9FC49FFFC85FCC19200FC413C2015605E
:1017A00084A0B65F3C2015613C90155EF2813CA0A0
:1017B000155F8081804580C587C5B4E4851B40F3F3
:1017C000A002E80F5A70060E04F20009A1C2387395
:1017D000BD012EF02A8A40F79C06E80311E1800241
:1017E000B4E450F3FFFF5CF78002E9035A78041475
:1017F00022720005B51FE0E8E90E048F8001E107C1
:10180000E90A22720004E0E9E906E147E9048C41B3
:10181000969080A68CC197B0504200705A680ACF4B
:101820002E67FC53CA038400D519A61A5A0005185E
:1018300084035A2801149E31E602E8052E07FC5263
:101840004C02FFF344000070421280738401224076
:10185000800422108005AE1AD504AE1A842080813F
:10186000E6C5E81AA61A44F0F4283867980040F351
:101870003C004A003C00060C0C161C005A08010BE8
:10188000D5105A00010CC80C8403D50BE602E808F9
:10189000D503C806D5068400D5048402D502840485
:1018A0003E07FC538E01E60484C04EF200EA44F089
:1018B000F4703807810140F03C004A003C00080009
:1018C0005200CE00BA0184C084003C6FFF133C6F0D
:1018D000FF12446FFFAA3C0BFE283E67E6FC3C4B20
:1018E000FE223C1BFE233C4BFE203C1BFE213C4BBE
:1018F000FE1E3C1BFE1F3C4BFE1C3C1BFE1D3C4BBE
:10190000FE1A3C1BFE1B3E07FC323E57FC52D53CE8
:101910002E07FC323C50155CE205E8048C013E07C2
:10192000FC323CF7FE1C3C4BFE1AE08F3C1BFE1BBE
:10193000E8043C4BFE1CD5073C07FE1EE004E80310
:101940003C4BFE1E3CF7FE1DE02FE8043C1BFE1D39
:10195000D5073C07FE1FE001E8033C1BFE1F3C07C8
:10196000FE209B044E440003FF223C07FE219A41C7
:101970004E140003FE4A3C00155B88249201E001EE
:101980004EF2008184013E07FC30D57C2E47E6FCF8
:101990003C1015425CF200203C001543E80E40501C
:1019A000C008FE2F5242001F4000100E9606C805C8
:1019B000440FFFAA3E07E6FC922C9646C1632E0711
:1019C000FC335A08012A2E17FC323C00155CE22039
:1019D000E8232E17FC313C00155DE220E81D2E07A0
:1019E000FC30C81A3C07FE1A3CF7FE163C10155B8B
:1019F0008A0F4E040003FE02E001E80E3C07FE1BC6
:101A00003CF7FE178A0F4E040003FE02E001E804D3
:101A100084033E07E6FC2E17E6FC84003E07FC31FB
:101A20005A1003313E07FC332E07FC30C82B3C070D
:101A3000FE1B3C101560E001E91D3C101561E02023
:101A4000E9193C17FE1A3C40155EE024E9133C40BE
:101A5000155FE081E90F2E57FC323C40155CE2A493
:101A6000E81184813E47FC333C1BFE163C0BFE17FD
:101A7000D5098402AE1AD5063E67FC33D5033E670E
:101A8000FC5384003E07FC543C4015463C03FE28B2
:101A9000CA052E17FF225A18010EE204E8038C0132
:101AA000D52084013E07FC548404AE1A3E07FC5343
:101AB000D51A2E17FC335A18010E2E17FC313C5044
:101AC000155DE225E8058C213E17FC31D5033E2744
:101AD000FC33E204E905440FFFAA3E07E6FC84005C
:101AE0003C0BFE282E27E6FC5CF10020E81F8C4C06
:101AF00096908401E65EAE18AE998401E903FA2E51
:101B0000D5028022443000FF49FF8E70840349FFD4
:101B10008E7484003E07FC53440FFFAA3E07E6FC88
:101B20004400006049FFC4E2D5038400AE18FCC144
:101B3000920084003A6F9C3C3C0BF43284208483F6
:101B40002E0028A39401E020E8233C3C043D3C0CFB
:101B5000043E3C5C044694898862880288A1A5986A
:101B6000A5C0A6288807420310734050080997694A
:101B7000AD583C5C043D3C3C044688458861A490DB
:101B80008C2194928A029600AE189648D5DA3A6F64
:101B90009C04DD9E84003C0BF4313C0BF4323E0788
:101BA000E7FB3C0DFA823A6FA43CA6015A080406F2
:101BB00084013E07E7C1D5072E07E7C0C8FA8402B3
:101BC0003E07E7C12E07E7C15A08020584003E0719
:101BD000E7BD84003C3C043E3C4C043C3C5C043D82
:101BE0004462A27080E02E1028A39449E001E8131B
:101BF000944198A140918400A49088259691122444
:101C00008000022480009691AC88387300088C0113
:101C10009600D5EA3A6FA404DD9E2E2028A33C4C02
:101C2000043F94913C50168B84018420E022E80B01
:101C300094C98864A4D896DBE0A3E80284008C21D0
:101C40009648D5F5DD9E3A6FA6BC8121A64180C09D
:101C50005074FFFC5A180422840149FFAFE084014C
:101C600049FFAFBDE6E4E91E5A900C1D2E07E7EAD6
:101C700049FFA7CC8006842049FFC787840149FF1C
:101C80009B6A84408401842A8062808080A249FF0C
:101C9000C4FD49FF9B4FD506842049FFC77649FF05
:101CA000CC2E3C03F4324412A1D08C013C0BF43214
:101CB0003C03F4318C013C0BF431800649FFCD0329
:101CC0002E07E7FB5A08010584003E07E7FD2E07B3
:101CD000E7C0C83BA6305A0802392E07E7C15A00B0
:101CE000010F2E07E7BD5A0801062E07E7C25A006A
:101CF00001073CF400C55EF7805AE81C49FFFF8FDE
:101D0000C80B3CF400C55EF7805AE9063E07E7FBC6
:101D10003C0BF432D50F840184C03E07E7C03E6718
:101D2000FF2249FFC0402E07E7C15A0802043E6760
:101D3000E7C12E07E7C15A0802092E07E7C25A0871
:101D4000020584003E07E7FB2E67E7995A680112F7
:101D50002E07E7FBC80E3C03F44D5CF00033E909A5
:101D60004400003449FFC3C23E67E7FB3E67FF4AB9
:101D7000440FFFAAE6E23E07E7F5E80B49FFD41F50
:101D800084003E07E7FB84003C0BF4313C0BF4324B
:101D90002E07E7E35A08010D3E07E7FB49FFABF1C9
:101DA0005A08020449FFA73284013E07E7C03A6F90
:101DB000A684DD9EFC424460D8ECB61FF18144004D
:101DC00000A280264211807380E28001F201B43FBC
:101DD000812349FFDB5CB042B08349FFDB884400CC
:101DE000005142348024F002F103880388613823D3
:101DF000011138130D11840240010016420384734F
:101E0000400008169603FCC2FC5780C04400D8640A
:101E1000B0473A2014043A209424A400509F8044F0
:101E2000AC084400D878B04C3A2014043A209424EA
:101E3000A40051CF8080AC084400D88C80293A207F
:101E400014043A209424A400FA54AC088420B02549
:101E500049FFEE614400D8A0B0563A200800B00314
:101E600080E63A20082081062E0649448540100F5E
:101E700080104400D8A83A200800B0053A20082075
:101E80002E06494C100F80184400D8B03A20140494
:101E90003A209424A400AC084400D8C4B05B3A2093
:101EA00014043A209424A400AC084400D8D8803C00
:101EB0003A2014043A209424A400AC088400100FA3
:101EC000800A100F800B2204022E381E280049FFC2
:101ED000DD06B0561204022E3810A80022040000BD
:101EE00049FFDCFDB05B120400003810A80022049A
:101EF000001249FFDCF48D41120400128D025AA831
:101F000012E4B125838681448500B00738002000A3
:101F10005A080A3C020E0011021E00128C018C218C
:101F2000964B9603502F800A503F800BF48149FF57
:101F3000DCBD001F800BF4014E820016B00C222E77
:101F4000000038002000005F800A3834A000FE0C3A
:101F5000FE8442028C734001001602257FFF880236
:101F600012057FFF002F800A3804A000B0CCFE14B9
:101F70003831A000222E0000FE8442008C73400104
:101F8000001602150000D5385A080B31020E001257
:101F9000021E00138C018C219603964B502F800A51
:101FA000503F800BF48149FFDC81B04C000F800B67
:101FB0003810A000003F800AFE443804A000222E02
:101FC0000000FE1C98C802550000FE5440108C36DC
:101FD000882512150000FE140215000140000C16A1
:101FE000880112050001F401D50A5A080C09021EE5
:101FF0000000020500008801120500008D018D42DD
:1020000051CE00025A88128384008020B0A5382166
:10201000010138230109B0A5381101098C015A08C2
:1020200012F7812285000203822F0213821D8C0188
:102030008C219603964B502F800A503F800BF481E1
:1020400049FFDC34B003001F800A39C40000B0052A
:102050002233822E38A40000000F800B4210F0249F
:1020600042002824988102548001FE5C401088368A
:10207000882512148001FE1C0214800040000816FE
:1020800088011A0480010213822C0203823E8C21F3
:102090008C019603964B502F800A503F800B49FFCE
:1020A000DC05001F800A000F800BF4012223823F11
:1020B0004210F0244200282498C1FE54FE1441C06E
:1020C0008F9640A00D560212001002020011883CAB
:1020D00089408D011212001012A200115073FFDC12
:1020E0008E825A8803A2020F804A2233002B1203E9
:1020F000022E020F805B2213002C1203023F020FFC
:10210000804B88231203021C020F805A2233002DB9
:102110001203022D020F804C2E77E8331203020ABD
:102120008823020F80598EE1E4381203021B5C738E
:102130008001224300192223001A2203001BE80217
:10214000FA28E45FE90988828804806749FFFE3441
:1021500012030008D50622F300075EF78033E8F487
:102160002233002C2213002D2243001A882322330D
:10217000002E2223001B8823E4382203001CE802DF
:10218000FA28E45FE90988828804806749FFFE1421
:1021900012030009D50622F3000A5EF78033E8F443
:1021A000223300062213001822230007882322333B
:1021B000002A224300198823E4382203002BE80276
:1021C000FA28E45FE90788828804806749FFFDF404
:1021D000D5028400021300082233000B8801221369
:1021E000001D1203000888232233002F2223000A37
:1021F0008823E4382243001C2203002EE802FA2838
:10220000E45FE90788828804806749FFFDD5D5022D
:10221000840002130009880112030009FCD70000A2
:1022200030DA00006511000030DB0000EF44CF45DC
:1022300040640200A111000096EC0000A374A79076
:10224000D2EB0000E711000038FE00004A4919F601
:10225000001D0200FD11000020100100E050D79D7C
:10226000040000000000000001000000FFFFFFFF6D
:10227000AB0000000300000007000000AAFFFF0001
:10228000FFFFFFFF00010203020A0A1932000000EB
:102290003200000001000000960000002D4B0200FB
:1022A000161902002D4B0200D6180200010102008F
:1022B0003600340032003400340034003200340080
:1022C0003400340034003200340034003400320072
:1022D0003400340034003200340034003400320062
:1022E0003400340034003200340034003400320052
:1022F00096009600020005002C019600F401C8002B
:102300000402550000000000000000000000000072
:1023100000000000000000000000000000000000BD
:1023200000000000000000000000000000000000AD
:10233000000000000000000000000000000000009D
:10234000000000000000000000000000000000008D
:10235000000000000000000000000000000000007D
:10236000000000000000000000000000000000006D
:10237000000000000000000000000000000000005D
:10238000000000000000000000000000000000004D
:10239000000000000000000000000000000000003D
:1023A000000000000000000000000000000000002D
:1023B000000000000000000000000000000000001D
:1023C000000000000000000000000000000000000D
:1023D00000000000000000000000000000000000FD
:1023E00000000000000000000000000000000000ED
:1023F00000000000000000000000000000000000DD
:1024000000000000000000000000000000000000CC
:1024100000000000000000000000000000000000BC
:1024200000000000000000000000000000000000AC
:10243000000000000000000000000000000000009C
:10244000000000000000000000000000000000008C
:10245000000000000000000000000000000000007C
:10246000000000000000000000000000000000006C
:10247000000000000000000000000000000000005C
:10248000000000000000000000000000000000004C
:10249000000000000000000000000000000000003C
:1024A000000000000000000000000000000000002C
:1024B000000000000000000000000000000000001C
:1024C000000000000000000000000000000000000C
:1024D00000000000000000000000000000000000FC
:1024E00000000000000000000000000000000000EC
:1024F00000000000000000000000000000000000DC
:1025000000000000000000000000000000000000CB
:1025100000000000000000000000000000000000BB
:1025200000000000000000000000000000000000AB
:10253000000000000000000000000000000000009B
:10254000000000000000000000000000000000008B
:10255000000000000000000000000000000000007B
:10256000000000000000000000000000000000006B
:10257000000000000000000000000000000000005B
:10258000000000000000000000000000000000004B
:10259000000000000000000000000000000000003B
:1025A000000000000000000000000000000000002B
:1025B000000000000000000000000000000000001B
:1025C000000000000000000000000000000000000B
:1025D00000000000000000000000000000000000FB
:1025E00000000000000000000000000000000000EB
:1025F00000000000000000000000000000000000DB
:1026000000000000000000000000000000000000CA
:1026100000000000000000000000000000000000BA
:1026200000000000000000000000000000000000AA
:10263000000000000000000000000000000000009A
:10264000000000000000000000000000000000008A
:10265000000000000000000000000000000000007A
:10266000000000000000000000000000000000006A
:10267000000000000000000000000000000000005A
:10268000000000000000000000000000000000004A
:10269000000000000000000000000000000000003A
:1026A000000000000000000000000000000000002A
:1026B000000000000000000000000000000000001A
:1026C000000000000000000000000000000000000A
:1026D00000000000000000000000000000000000FA
:1026E00000000000000000000000000000000000EA
:1026F00000000000000000000000000000000000DA
:1027000000000000000000000000000000000000C9
:1027100000000000000000000000000000000000B9
:1027200000000000000000000000000000000000A9
:102730000000000000000000000000000000000099
:102740000000000000000000000000000000000089
:102750000000000000000000000000000000000079
:102760000000000000000000000000000000000069
:102770000000000000000000000000000000000059
:102780000000000000000000000000000000000049
:102790000000000000000000000000000000000039
:1027A0000000000000000000000000000000000029
:1027B0000000000000000000000000000000000019
:1027C0000000000000000000000000000000000009
:1027D00000000000000000000000000000000000F9
:1027E00000000000000000000000000000000000E9
:1027F00000000000000000000000000000000000D9
:1028000000000000000000000000000000000000C8
:1028100000000000000000000000000000000000B8
:1028200000000000000000000000000000000000A8
:102830000000000000000000000000000000000098
:102840000000000000000000000000000000000088
:102850000000000000000000000000000000000078
:102860000000000000000000000000000000000068
:102870000000000000000000000000000000000058
:102880000000000000000000000000000000000048
:102890000000000000000000000000000000000038
:1028A0000000000000000000000000000000000028
:1028B0000000000000000000000000000000000018
:1028C0000000000000000000000000000000000008
:1028D00000000000000000000000000000000000F8
:1028E00000000000000000000000000000000000E8
:1028F00000000000000000000000000000000000D8
:1029000000000000000000000000000000000000C7
:1029100000000000000000000000000000000000B7
:1029200000000000000000000000000000000000A7
:102930000000000000000000000000000000000097
:102940000000000000000000000000000000000087
:102950000000000000000000000000000000000077
:102960000000000000000000000000000000000067
:102970000000000000000000000000000000000057
:102980000000000000000000000000000000000047
:102990000000000000000000000000000000000037
:1029A0000000000000000000000000000000000027
:1029B0000000000000000000000000000000000017
:1029C0000000000000000000000000000000000007
:1029D00000000000000000000000000000000000F7
:1029E00000000000000000000000000000000000E7
:1029F00000000000000000000000000000000000D7
:102A000000000000000000000000000000000000C6
:102A100000000000000000000000000000000000B6
:102A200000000000000000000000000000000000A6
:102A30000000000000000000000000000000000096
:102A40000000000000000000000000000000000086
:102A50000000000000000000000000000000000076
:102A60000000000000000000000000000000000066
:102A70000000000000000000000000000000000056
:102A80000000000000000000000000000000000046
:102A90000000000000000000000000000000000036
:102AA0000000000000000000000000000000000026
:102AB0000000000000000000000000000000000016
:102AC0000000000000000000000000000000000006
:102AD00000000000000000000000000000000000F6
:102AE00000000000000000000000000000000000E6
:102AF00000000000000000000000000000000000D6
:102B000000000000000000000000000000000000C5
:102B100000000000000000000000000000000000B5
:102B200000000000000000000000000000000000A5
:102B30000000000000000000000000000000000095
:102B40000000000000000000000000000000000085
:102B50000000000000000000000000000000000075
:102B60000000000000000000000000000000000065
:102B70000000000000000000000000000000000055
:102B80000000000000000000000000000000000045
:102B90000000000000000000000000000000000035
:102BA0000000000000000000000000000000000025
:102BB0000000000000000000000000000000000015
:102BC0000000000000000000000000000000000005
:102BD00000000000000000000000000000000000F5
:102BE00000000000000000000000000000000000E5
:102BF00000000000000000000000000000000000D5
:102C000000000000000000000000000000000000C4
:102C100000000000000000000000000000000000B4
:102C200000000000000000000000000000000000A4
:102C30000000000000000000000000000000000094
:102C40000000000000000000000000000000000084
:102C50000000000000000000000000000000000074
:102C60000000000000000000000000000000000064
:102C70000000000000000000000000000000000054
:102C80000000000000000000000000000000000044
:102C90000000000000000000000000000000000034
:102CA0000000000000000000000000000000000024
:102CB0000000000000000000000000000000000014
:102CC0000000000000000000000000000000000004
:102CD00000000000000000000000000000000000F4
:102CE00000000000000000000000000000000000E4
:102CF00000000000000000000000000000000000D4
:102D000000000000000000000000000000000000C3
:102D100000000000000000000000000000000000B3
:102D200000000000000000000000000000000000A3
:102D30000000000000000000000000000000000093
:102D40000000000000000000000000000000000083
:102D50000000000000000000000000000000000073
:102D60000000000000000000000000000000000063
:102D70000000000000000000000000000000000053
:102D80000000000000000000000000000000000043
:102D90000000000000000000000000000000000033
:102DA0000000000000000000000000000000000023
:102DB0000000000000000000000000000000000013
:102DC0000000000000000000000000000000000003
:102DD00000000000000000000000000000000000F3
:102DE00000000000000000000000000000000000E3
:102DF00000000000000000000000000000000000D3
:102E000000000000000000000000000000000000C2
:102E100000000000000000000000000000000000B2
:102E200000000000000000000000000000000000A2
:102E30000000000000000000000000000000000092
:102E40000000000000000000000000000000000082
:102E50000000000000000000000000000000000072
:102E60000000000000000000000000000000000062
:102E70000000000000000000000000000000000052
:102E80000000000000000000000000000000000042
:102E90000000000000000000000000000000000032
:102EA0000000000000000000000000000000000022
:102EB0000000000000000000000000000000000012
:102EC0000000000000000000000000000000000002
:102ED00000000000000000000000000000000000F2
:102EE00000000000000000000000000000000000E2
:102EF00000000000000000000000000000000000D2
:102F000000000000000000000000000000000000C1
:102F100000000000000000000000000000000000B1
:102F200000000000000000000000000000000000A1
:102F30000000000000000000000000000000000091
:102F40000000000000000000000000000000000081
:102F50000000000000000000000000000000000071
:102F60000000000000000000000000000000000061
:102F70000000000000000000000000000000000051
:102F80000000000000000000000000000000000041
:102F90000000000000000000000000000000000031
:102FA0000000000000000000000000000000000021
:102FB0000000000000000000000000000000000011
:102FC0000000000000000000000000000000000001
:102FD00000000000000000000000000000000000F1
:102FE00000000000000000000000000000000000E1
:102FF00000000000000000000000000000000000D1
:1030000000000000000000000000000000000000C0
:1030100000000000000000000000000000000000B0
:1030200000000000000000000000000000000000A0
:103030000000000000000000000000000000000090
:103040000000000000000000000000000000000080
:103050000000000000000000000000000000000070
:103060000000000000000000000000000000000060
:103070000000000000000000000000000000000050
:103080000000000000000000000000000000000040
:103090000000000000000000000000000000000030
:1030A0000000000000000000000000000000000020
:1030B0000000000000000000000000000000000010
:1030C0000000000000000000000000000000000000
:1030D00000000000000000000000000000000000F0
:1030E00000000000000000000000000000000000E0
:1030F00000000000000000000000000000000000D0
:1031000000000000000000000000000000000000BF
:1031100000000000000000000000000000000000AF
:10312000000000000000000000000000000000009F
:10313000000000000000000000000000000000008F
:10314000000000000000000000000000000000007F
:10315000000000000000000000000000000000006F
:10316000000000000000000000000000000000005F
:10317000000000000000000000000000000000004F
:10318000000000000000000000000000000000003F
:10319000000000000000000000000000000000002F
:1031A000000000000000000000000000000000001F
:1031B000000000000000000000000000000000000F
:1031C00000000000000000000000000000000000FF
:1031D00000000000000000000000000000000000EF
:1031E00000000000000000000000000000000000DF
:1031F00000000000000000000000000000000000CF
:1032000000000000000000000000000000000000BE
:1032100000000000000000000000000000000000AE
:10322000000000000000000000000000000000009E
:10323000000000000000000000000000000000008E
:10324000000000000000000000000000000000007E
:10325000000000000000000000000000000000006E
:10326000000000000000000000000000000000005E
:10327000000000000000000000000000000000004E
:10328000000000000000000000000000000000003E
:10329000000000000000000000000000000000002E
:1032A000000000000000000000000000000000001E
:1032B000000000000000000000000000000000000E
:1032C00000000000000000000000000000000000FE
:1032D00000000000000000000000000000000000EE
:1032E00000000000000000000000000000000000DE
:1032F00000000000000000000000000000000000CE
:1033000000000000000000000000000000000000BD
:1033100000000000000000000000000000000000AD
:10332000000000000000000000000000000000009D
:10333000000000000000000000000000000000008D
:10334000000000000000000000000000000000007D
:10335000000000000000000000000000000000006D
:10336000000000000000000000000000000000005D
:10337000000000000000000000000000000000004D
:10338000000000000000000000000000000000003D
:10339000000000000000000000000000000000002D
:1033A000000000000000000000000000000000001D
:1033B000000000000000000000000000000000000D
:1033C00000000000000000000000000000000000FD
:1033D00000000000000000000000000000000000ED
:1033E00000000000000000000000000000000000DD
:1033F00000000000000000000000000000000000CD
:1034000000000000000000000000000000000000BC
:1034100000000000000000000000000000000000AC
:10342000000000000000000000000000000000009C
:10343000000000000000000000000000000000008C
:10344000000000000000000000000000000000007C
:10345000000000000000000000000000000000006C
:10346000000000000000000000000000000000005C
:10347000000000000000000000000000000000004C
:10348000000000000000000000000000000000003C
:10349000000000000000000000000000000000002C
:1034A000000000000000000000000000000000001C
:1034B000000000000000000000000000000000000C
:1034C00000000000000000000000000000000000FC
:1034D00000000000000000000000000000000000EC
:1034E00000000000000000000000000000000000DC
:1034F00000000000000000000000000000000000CC
:1035000000000000000000000000000000000000BB
:1035100000000000000000000000000000000000AB
:10352000000000000000000000000000000000009B
:10353000000000000000000000000000000000008B
:10354000000000000000000000000000000000007B
:10355000000000000000000000000000000000006B
:10356000000000000000000000000000000000005B
:10357000000000000000000000000000000000004B
:10358000000000000000000000000000000000003B
:10359000000000000000000000000000000000002B
:1035A000000000000000000000000000000000001B
:1035B000000000000000000000000000000000000B
:1035C00000000000000000000000000000000000FB
:1035D00000000000000000000000000000000000EB
:1035E00000000000000000000000000000000000DB
:1035F00000000000000000000000000000000000CB
:1036000000000000000000000000000000000000BA
:1036100000000000000000000000000000000000AA
:10362000000000000000000000000000000000009A
:10363000000000000000000000000000000000008A
:10364000000000000000000000000000000000007A
:10365000000000000000000000000000000000006A
:10366000000000000000000000000000000000005A
:10367000000000000000000000000000000000004A
:10368000000000000000000000000000000000003A
:10369000000000000000000000000000000000002A
:1036A000000000000000000000000000000000001A
:1036B000000000000000000000000000000000000A
:1036C00000000000000000000000000000000000FA
:1036D00000000000000000000000000000000000EA
:1036E00000000000000000000000000000000000DA
:1036F00000000000000000000000000000000000CA
:1037000000000000000000000000000000000000B9
:1037100000000000000000000000000000000000A9
:103720000000000000000000000000000000000099
:103730000000000000000000000000000000000089
:103740000000000000000000000000000000000079
:103750000000000000000000000000000000000069
:103760000000000000000000000000000000000059
:103770000000000000000000000000000000000049
:103780000000000000000000000000000000000039
:103790000000000000000000000000000000000029
:1037A0000000000000000000000000000000000019
:1037B0000000000000000000000000000000000009
:1037C00000000000000000000000000000000000F9
:1037D00000000000000000000000000000000000E9
:1037E00000000000000000000000000000000000D9
:1037F00000000000000000000000000000000000C9
:1038000000000000000000000000000000000000B8
:1038100000000000000000000000000000000000A8
:103820000000000000000000000000000000000098
:103830000000000000000000000000000000000088
:103840000000000000000000000000000000000078
:103850000000000000000000000000000000000068
:103860000000000000000000000000000000000058
:103870000000000000000000000000000000000048
:103880000000000000000000000000000000000038
:103890000000000000000000000000000000000028
:1038A0000000000000000000000000000000000018
:1038B0000000000000000000000000000000000008
:1038C00000000000000000000000000000000000F8
:1038D00000000000000000000000000000000000E8
:1038E00000000000000000000000000000000000D8
:1038F00000000000000000000000000000000000C8
:1039000000000000000000000000000000000000B7
:1039100000000000000000000000000000000000A7
:103920000000000000000000000000000000000097
:103930000000000000000000000000000000000087
:103940000000000000000000000000000000000077
:103950000000000000000000000000000000000067
:103960000000000000000000000000000000000057
:103970000000000000000000000000000000000047
:103980000000000000000000000000000000000037
:103990000000000000000000000000000000000027
:1039A0000000000000000000000000000000000017
:1039B0000000000000000000000000000000000007
:1039C00000000000000000000000000000000000F7
:1039D00000000000000000000000000000000000E7
:1039E00000000000000000000000000000000000D7
:1039F00000000000000000000000000000000000C7
:103A000000000000000000000000000000000000B6
:103A100000000000000000000000000000000000A6
:103A20000000000000000000000000000000000096
:103A30000000000000000000000000000000000086
:103A40000000000000000000000000000000000076
:103A50000000000000000000000000000000000066
:103A60000000000000000000000000000000000056
:103A70000000000000000000000000000000000046
:103A80000000000000000000000000000000000036
:103A90000000000000000000000000000000000026
:103AA0000000000000000000000000000000000016
:103AB0000000000000000000000000000000000006
:103AC00000000000000000000000000000000000F6
:103AD00000000000000000000000000000000000E6
:103AE00000000000000000000000000000000000D6
:103AF00000000000000000000000000000000000C6
:103B000000000000000000000000000000000000B5
:103B100000000000000000000000000000000000A5
:103B20000000000000000000000000000000000095
:103B30000000000000000000000000000000000085
:103B40000000000000000000000000000000000075
:103B50000000000000000000000000000000000065
:103B60000000000000000000000000000000000055
:103B70000000000000000000000000000000000045
:103B80000000000000000000000000000000000035
:103B90000000000000000000000000000000000025
:103BA0000000000000000000000000000000000015
:103BB0000000000000000000000000000000000005
:103BC00000000000000000000000000000000000F5
:103BD00000000000000000000000000000000000E5
:103BE00000000000000000000000000000000000D5
:103BF00000000000000000000000000000000000C5
:103C000000000000000000000000000000000000B4
:103C100000000000000000000000000000000000A4
:103C20000000000000000000000000000000000094
:103C30000000000000000000000000000000000084
:103C40000000000000000000000000000000000074
:103C50000000000000000000000000000000000064
:103C60000000000000000000000000000000000054
:103C70000000000000000000000000000000000044
:103C80000000000000000000000000000000000034
:103C90000000000000000000000000000000000024
:103CA0000000000000000000000000000000000014
:103CB0000000000000000000000000000000000004
:103CC00000000000000000000000000000000000F4
:103CD00000000000000000000000000000000000E4
:103CE00000000000000000000000000000000000D4
:103CF00000000000000000000000000000000000C4
:103D000000000000000000000000000000000000B3
:103D100000000000000000000000000000000000A3
:103D20000000000000000000000000000000000093
:103D30000000000000000000000000000000000083
:103D40000000000000000000000000000000000073
:103D50000000000000000000000000000000000063
:103D60000000000000000000000000000000000053
:103D70000000000000000000000000000000000043
:103D80000000000000000000000000000000000033
:103D90000000000000000000000000000000000023
:103DA0000000000000000000000000000000000013
:103DB0000000000000000000000000000000000003
:103DC00000000000000000000000000000000000F3
:103DD00000000000000000000000000000000000E3
:103DE00000000000000000000000000000000000D3
:103DF00000000000000000000000000000000000C3
:103E000000000000000000000000000000000000B2
:103E100000000000000000000000000000000000A2
:103E20000000000000000000000000000000000092
:103E30000000000000000000000000000000000082
:103E40000000000000000000000000000000000072
:103E50000000000000000000000000000000000062
:103E60000000000000000000000000000000000052
:103E70000000000000000000000000000000000042
:103E80000000000000000000000000000000000032
:103E90000000000000000000000000000000000022
:103EA0000000000000000000000000000000000012
:103EB0000000000000000000000000000000000002
:103EC00000000000000000000000000000000000F2
:103ED00000000000000000000000000000000000E2
:103EE00000000000000000000000000000000000D2
:103EF00000000000000000000000000000000000C2
:103F000000000000000000000000000000000000B1
:103F100000000000000000000000000000000000A1
:103F20000000000000000000000000000000000091
:103F30000000000000000000000000000000000081
:103F40000000000000000000000000000000000071
:103F50000000000000000000000000000000000061
:103F60000000000000000000000000000000000051
:103F70000000000000000000000000000000000041
:103F80000000000000000000000000000000000031
:103F90000000000000000000000000000000000021
:103FA0000000000000000000000000000000000011
:103FB0000000000000000000000000000000000001
:103FC00000000000000000000000000000000000F1
:103FD00000000000000000000000000000000000E1
:103FE00000000000000000000000000000000000D1
:103FF00000000000000000000000000000000000C1
:1040000000000000000000000000000000000000B0
:1040100000000000000000000000000000000000A0
:104020000000000000000000000000000000000090
:104030000000000000000000000000000000000080
:104040000000000000000000000000000000000070
:104050000000000000000000000000000000000060
:104060000000000000000000000000000000000050
:104070000000000000000000000000000000000040
:104080000000000000000000000000000000000030
:104090000000000000000000000000000000000020
:1040A0000000000000000000000000000000000010
:1040B0000000000000000000000000000000000000
:1040C00000000000000000000000000000000000F0
:1040D00000000000000000000000000000000000E0
:1040E00000000000000000000000000000000000D0
:1040F00000000000000000000000000000000000C0
:1041000000000000000000000000000000000000AF
:10411000000000000000000000000000000000009F
:10412000000000000000000000000000000000008F
:10413000000000000000000000000000000000007F
:10414000000000000000000000000000000000006F
:10415000000000000000000000000000000000005F
:10416000000000000000000000000000000000004F
:10417000000000000000000000000000000000003F
:10418000000000000000000000000000000000002F
:10419000000000000000000000000000000000001F
:1041A000000000000000000000000000000000000F
:1041B00000000000000000000000000000000000FF
:1041C00000000000000000000000000000000000EF
:1041D00000000000000000000000000000000000DF
:1041E00000000000000000000000000000000000CF
:1041F00000000000000000000000000000000000BF
:1042000000000000000000000000000000000000AE
:10421000000000000000000000000000000000009E
:10422000000000000000000000000000000000008E
:10423000000000000000000000000000000000007E
:10424000000000000000000000000000000000006E
:10425000000000000000000000000000000000005E
:10426000000000000000000000000000000000004E
:10427000000000000000000000000000000000003E
:10428000000000000000000000000000000000002E
:10429000000000000000000000000000000000001E
:1042A000000000000000000000000000000000000E
:1042B00000000000000000000000000000000000FE
:1042C00000000000000000000000000000000000EE
:1042D00000000000000000000000000000000000DE
:1042E00000000000000000000000000000000000CE
:1042F00000000000000000000000000000000000BE
:1043000000000000000000000000000000000000AD
:10431000000000000000000000000000000000009D
:10432000000000000000000000000000000000008D
:10433000000000000000000000000000000000007D
:10434000000000000000000000000000000000006D
:10435000000000000000000000000000000000005D
:10436000000000000000000000000000000000004D
:10437000000000000000000000000000000000003D
:10438000000000000000000000000000000000002D
:10439000000000000000000000000000000000001D
:1043A000000000000000000000000000000000000D
:1043B00000000000000000000000000000000000FD
:1043C00000000000000000000000000000000000ED
:1043D00000000000000000000000000000000000DD
:1043E00000000000000000000000000000000000CD
:1043F00000000000000000000000000000000000BD
:1044000000000000000000000000000000000000AC
:10441000000000000000000000000000000000009C
:10442000000000000000000000000000000000008C
:10443000000000000000000000000000000000007C
:10444000000000000000000000000000000000006C
:10445000000000000000000000000000000000005C
:10446000000000000000000000000000000000004C
:10447000000000000000000000000000000000003C
:10448000000000000000000000000000000000002C
:10449000000000000000000000000000000000001C
:1044A000000000000000000000000000000000000C
:1044B00000000000000000000000000000000000FC
:1044C00000000000000000000000000000000000EC
:1044D00000000000000000000000000000000000DC
:1044E00000000000000000000000000000000000CC
:1044F00000000000000000000000000000000000BC
:1045000000000000000000000000000000000000AB
:10451000000000000000000000000000000000009B
:10452000000000000000000000000000000000008B
:10453000000000000000000000000000000000007B
:10454000000000000000000000000000000000006B
:10455000000000000000000000000000000000005B
:10456000000000000000000000000000000000004B
:10457000000000000000000000000000000000003B
:10458000000000000000000000000000000000002B
:10459000000000000000000000000000000000001B
:1045A000000000000000000000000000000000000B
:1045B00000000000000000000000000000000000FB
:1045C00000000000000000000000000000000000EB
:1045D00000000000000000000000000000000000DB
:1045E00000000000000000000000000000000000CB
:1045F00000000000000000000000000000000000BB
:1046000000000000000000000000000000000000AA
:10461000000000000000000000000000000000009A
:10462000000000000000000000000000000000008A
:10463000000000000000000000000000000000007A
:10464000000000000000000000000000000000006A
:10465000000000000000000000000000000000005A
:10466000000000000000000000000000000000004A
:10467000000000000000000000000000000000003A
:10468000000000000000000000000000000000002A
:10469000000000000000000000000000000000001A
:1046A000000000000000000000000000000000000A
:1046B00000000000000000000000000000000000FA
:1046C00000000000000000000000000000000000EA
:1046D00000000000000000000000000000000000DA
:1046E00000000000000000000000000000000000CA
:1046F00000000000000000000000000000000000BA
:1047000000000000000000000000000000000000A9
:104710000000000000000000000000000000000099
:104720000000000000000000000000000000000089
:104730000000000000000000000000000000000079
:104740000000000000000000000000000000000069
:104750000000000000000000000000000000000059
:104760000000000000000000000000000000000049
:104770000000000000000000000000000000000039
:104780000000000000000000000000000000000029
:104790000000000000000000000000000000000019
:1047A0000000000000000000000000000000000009
:1047B00000000000000000000000000000000000F9
:1047C00000000000000000000000000000000000E9
:1047D00000000000000000000000000000000000D9
:1047E00000000000000000000000000000000000C9
:1047F00000000000000000000000000000000000B9
:10480000010A010200000000000000002001000178
:104810000004000000000000000000000000000094
:104820003C4E0000904E0000E44E0000384F000067
:104830008C4F0000E04F000034500000200C0000BE
:104840002088410AE6A004000000000000000000EB
:10485000000000000028000054550900000000007E
:1048600088508454C054A05B7C5EC85DA85C4880BE
:104870001111105C2F04090000C086002DB418002F
:10488000937FFC0227060C000009000901000100CB
:10489000080C00000C0000000000000000000000F8
:1048A0000000000000000000000400000100000003
:1048B000000000008850A854C054A05B7C5EC85D16
:1048C000A85C48803333105C2F04090000C0060048
:1048D0002DB41800937FDC0227060C0000090009A4
:1048E00001000100B00000002088410AE6A0040099
:1048F0000000000000000000000000000028000090
:10490000545509000000000088508454C054A05B36
:104910007C5EC85D185C48802222105C2F04090070
:10492000009080012DB41800937FDC02270106005F
:104930000009000901000100200C0000CD35D71C42
:10494000CD3507000000000000000000000000005E
:1049500000280000545509000000000088508454CD
:10496000C054A05B7C5EC85DA85C48807777105C13
:104970002F04090000C086002DB41800137FDC024C
:1049800027060C000009000901000100B00000002A
:104990000F3EF8200F3E080000000000000000005D
:1049A000000000000028000054550900000000002D
:1049B00088508454C054A05B7C5EC85D185C4880FD
:1049C0008888105C2F040900009080012DB4180025
:1049D000137FDC0227010600000900090100010025
:1049E000080C00008C31C6188C310000000000005B
:1049F00000000000000000000024000054550200E8
:104A000000000000885084548858A05B7C5EC85D1C
:104A1000A85C48809999105C2F04090000C08600AA
:104A20002DB41800137FDC0227060C0000090009D2
:104A300001000100200C00002088410AE6A00400CB
:104A4000000000000000000000000000002800003E
:104A500000000000000000008850A854C054A05B73
:104A60007C5EC85DA85C4880BBBB105C2F0409005D
:104A700000C086002DB41800137FDC0227060C004E
:104A80000009000901000100000000000909000000
:104A90000010000020080000DF0F0000B4040138FF
:104AA000020002000000000094489648504A0000AE
:104AB00020052005D00600000000000000000000D6
:104AC00002000000000000000000010001100000D2
:104AD00020080000DF0F0000B404013802000200CB
:104AE00000000000DC06DC06F00B000022000000E5
:104AF000100500000000000000000000020000009F
:104B00000000000001010100011000002008000069
:104B1000DF0F0000B40401380200020000000000B2
:104B2000DC06DC06F20B000020000200120500008B
:104B30000000000000000000020000000000000073
:104B4000020201000110000020080000DF0F000039
:104B5000B40401380200020000000000DC06DC069C
:104B6000F40B00001E00040014050000000000000B
:104B7000000000000200000000000000030301002C
:104B80000110000020080000DF0F0000B40401380D
:104B90000200020000000000DC06DC06F60B00004C
:104BA0001C000600160500000000000000000000C8
:104BB00002000000000000000404010001100000D9
:104BC00020080000DF0F0000B404013802000200DA
:104BD00000000000DC06DC06000000001A000800EF
:104BE00000000000000000000000000000000000C5
:104BF0000000000005050100011000002008000071
:104C0000DF0F0000B40401380200020000000000C1
:104C1000DC06DC060000000018000A0000000000AE
:104C20000000000000000000000000000000000084
:104C3000060601000110000020080000DF0F000040
:104C4000B40401380200020000000000DC06DC06AB
:104C50000000000016000C00000000000000000032
:104C60000000000000000000000000000707010035
:104C70000110000020080000DF0F0000B40401381C
:104C80000200020000000000DC06DC06000000005C
:104C900014000E00000000000000000000000000F2
:104CA00000000000000000000808010001100000E2
:104CB00020080000DF0F0000B404013802000200E9
:104CC00000000000DC06DC060000000012001000FE
:104CD00000000000000000000000000000000000D4
:104CE000000000000909000000100000200800007A
:104CF000DF0F0000B40401380200020000000000D1
:104D000094489648504A0000B005B005D00600000F
:104D10000000000000000000020000000000000091
:104D2000090900000010000020080000DF0F00004B
:104D3000B4040138020002000000000094489648C4
:104D4000504A000040064006D00600000000000067
:104D50000000000002000000810000000A090001BC
:104D60000210000020080000DF0F6000B4A2083E1F
:104D7000020002000000000000000000000000002F
:104D80001C3C1C3CAC3C000000000000000000008B
:104D900002000000000000000909000000100000EF
:104DA00020080000DF0F0000B404013E02000200F2
:104DB0000000000094489648504A00002005200555
:104DC000D00600000000000000000000020000000B
:104DD0000000000009090000001000002008000089
:104DE000DF0F0000B404013E0200020000000000DA
:104DF0000000000000000000200520050000000069
:104E000000000000000000000000000000000000A2
:104E1000090900000010000020080000DF0F00005A
:104E2000B404013B0200020000000000000000008A
:104E30000000000020052005000000000000000028
:104E40000000000000000000000000000909000050
:104E50000010000020080000DF0F0000B404013B38
:104E6000020002000000000000000000000000003E
:104E700020052005000000000000000000000000E8
:104E8000000000000C0000001BAC3944983E0000FC
:104E90000C0000001B383804103E00000000000029
:104EA0002D38B48410030000000000002DACB5C400
:104EB00098030000000000002DACB5C4980300006A
:104EC0005847584945474D4747474D494747504937
:104ED0004B494D4F4B494F4B47494F4947494D4D22
:104EE000494C514F4B514B4D4749494D4B4D4D4C02
:104EF000474F4D4B494B4F454B4B4749454D474914
:104F00004700490000000000000000000000000011
:104F100000000000000000005847584744454D4538
:104F200045454B4947474F474B494B4E4B494D4BE6
:104F300045474D4947474B4D494B4F4F4B51494BC7
:104F40004649474D4A4B4D4B454F4D4B47494F45C1
:104F500049494549434B4547470049000000000087
:104F60000000000000000000000000000000000041
:104F70005846584743454D4545454B4747474F479A
:104F800049474B4E49494D4A45474D4745474B4B8D
:104F9000474B4F4F4A51494B4549474C4A4B4D4B64
:104FA000454F4C4A47494D4549494549434B45477B
:104FB0004600470000000000000000000000000064
:104FC00000000000000000005847584944464D4585
:104FD00045464C4947474F4749474C4F49494D4B38
:104FE00045474D4845474B4D474B4F4F4B51494B1C
:104FF0004649474B4A4B4D4B454F4B4947494D4519
:1050000049494549434B45474600470000000000D9
:105010000000000000000000000000000000000090
:105020005847584945474D4645474D4947464F47DC
:1050300049474D4F49494D4B45474D4845474B4DD5
:10504000474B4F4F4A51494B4549474B494B4C4BB6
:10505000454F4B4947494D4649494549434B4547CB
:1050600046004700000000000000000000000000B3
:1050700000000000000000005847584945474D47D0
:1050800045474D494846514949474D4F49494F4B7E
:1050900045474D4945474B4D474B514F4A51494B69
:1050A0004549474C494B4D4B454F4C4947494D4766
:1050B00049494549434B4547460049000000000027
:1050C00000000000000000000000000000000000E0
:1050D0005847584945474E4745474D494946514924
:1050E00049474D4F49494F4B45474D4945474B4D22
:1050F000474B514F4A51494B4549474B4A4B4D4B02
:10510000454F4C4947494D4749494549434B454718
:105110004600470000000000000000000000000002
:1051200000000000000000005847584945474E471E
:1051300045474D494946514949474D4F49494E4BCD
:1051400045474D4945474B4D474B514F4B51494BB7
:105150004549474B4A4B4D4B454F4C4947494D47B5
:1051600049494549434B4547470047000000000077
:10517000000000000000000000000000000000002F
:105180005849584B47494F4747494F4B394951496F
:105190004B494E514B4B4F4D47494F4947494D4E57
:1051A000494D51514C534B4D474B494D4C4D4E4D34
:1051B00047514D4B494B4F374B4B474B454D47495B
:1051C000490049000000000000000000000000004D
:1051D00000000000000000000000000000000000CF
:1051E00000000000000000000000000000000000BF
:1051F00000000000000000000000000000000000AF
:10520000000000000000000000000000000000009E
:10521000000000000000000000000000000000008E
:10522000000000000000000000000000000000007E
:10523000505050505050505050505050505050506E
:10524000505050505050505050505050505050505E
:10525000505050505050505050505050505050504E
:10526000505050505050505050505050505050503E
:10527000500050000000000000000000000000008E
:10528000000000000000000000000000000000001E
:10529000000000000000000000000000000000000E
:1052A00000000000000000000000000000000000FE
:1052B00000000000000000000000000000000000EE
:1052C00000000000000000000000000000000000DE
:1052D00000000000000000000000000000000000CE
:1052E00000000000000000000000000000000000BE
:1052F00000000000000000000000000000000000AE
:10530000000000000000000000000000000000009D
:10531000000000000000000000000000000000008D
:10532000000000000000000000000000000000007D
:10533000000000000000000000000000000000006D
:10534000000000000000000000000000000000005D
:10535000000000000000000000000000000000004D
:10536000000000000000000000000000000000003D
:10537000000000000000000000000000000000002D
:10538000000000000000000000000000000000001D
:10539000000000000000000000000000000000000D
:1053A00000000000000000000000000000000000FD
:1053B00000000000000000000000000000000000ED
:1053C00000000000000000000000000000000000DD
:1053D00000000000000000000000000000000000CD
:1053E00000000000000000000000000000000000BD
:1053F00000000000000000000000000000000000AD
:10540000000000000000000000000000000000009C
:10541000000000000000000000000000000000008C
:10542000000000000000000000000000000000007C
:10543000000000000000000000000000000000006C
:10544000000000000000000000000000000000005C
:10545000000000000000000000000000000000004C
:10546000000000000000000000000000000000003C
:10547000000000000000000000000000000000002C
:10548000000000000000000000000000000000001C
:10549000000000000000000000000000000000000C
:1054A00000000000000000000000000000000000FC
:1054B00000000000000000000000000000000000EC
:1054C00000000000000000000000000000000000DC
:1054D00000000000000000000000000000000000CC
:1054E00000000000000000000000000000000000BC
:1054F00000000000000000000000000000000000AC
:10550000000000000000000000000000000000009B
:10551000000000000000000000000000000000008B
:10552000000000000000000000000000000000007B
:10553000000000000000000000000000000000006B
:10554000000000000000000000000000000000005B
:10555000000000000000000000000000000000004B
:10556000000000000000000000000000000000003B
:10557000000000000000000000000000000000002B
:10558000000000000000000000000000000000001B
:10559000000000000000000000000000000000000B
:1055A000B6ADB69DB6ADB6AD02000200B6ADB66DF5
:1055B000B6A5B6A506000600B6ADB6ADB6ACB69CAF
:1055C00006000600B6ADB6AD96AD966D06000600B7
:1055D000B6ADB6ADB2ADB2AD06000600B6A5B6A585
:1055E000B6ADB6AD06000600B6ACB6ACB6ADB6AD5F
:1055F0000600060096AD96ADB6ADB6AD0600060047
:10560000B2ADB2ADB6ADB6AD0600060092A49254EE
:1056100092A4925402000200E4007000DE18000020
:10562000BE807000BE807000DE006F00FFFFFFFFD5
:1056300033DE33DEDDDDDDDD33323332DEDEDEDE92
:10564000DEDEDEDEDEDEDEDEDEDE000001010101AA
:105650000101010101010101000000000000000042
:105660000000000000000000DE80DE80DE00DE00C2
:1056700033DE33DE33DE33DEDDDDDDDDDDDDDDDDFE
:105680003332333233323332DEDEDEDEDDDDDDDD9A
:105690000101010100000000000000000000000006
:1056A0000000000000000000670760003A190000D9
:1056B0004107B2034107B2033A019D000706AE005D
:1056C0005A3A5A3A393939395A595A593A3A3A3A80
:1056D0003A3A3A3A3A3A3A3A3A3A00000101010182
:1056E00001010101010101010892240040922409F5
:1056F00049920000000000003A013A013A013A01E3
:105700005A3A5A3A5A3A5A3A393939393939393981
:105710005A595A595A595A593A3A3A3A39393939F1
:1057200001010101000000000812081249004900AF
:105730004012401201000100670760003A190000A2
:105740004107B2034107B2033A019D000706AE00CC
:105750005A3A5A3A393939395A595A593A3A3A3AEF
:105760003A3A3A3A3A3A3A3A3A3A000001010101F1
:105770000101010101010101089224004092240964
:1057800049920000000000003A013A013A013A0152
:105790005A3A5A3A5A3A5A3A3939393939393939F1
:1057A0005A595A595A595A593A3A3A3A3939393961
:1057B000010101010000000008120812490049001F
:1057C0004012401201000100030300000303030321
:1057D000030303030303030303030101E8EBAEAA7E
:1057E000C0000000000000000303030303030303E1
:1057F00001010101EB0BE80B08FC08FC00000000B4
:10580000000000000303000003030303030303037A
:1058100003030303030301010800A0AAC000000062
:10582000000000000303030303030303010101015C
:10583000EB0B080008FC08FC000000000000000062
:10584000030300000303030303030303030303032E
:105850000303010108000000C00000000000000078
:10586000030303030303030301010101EB0B08001E
:1058700008FC08FC0000000000000000269C8002DC
:1058800029A8B0022CB4E0022FC0100332CC400390
:1058900035D8700338E4A0033BF0D0033EFC00028F
:1058A0002188300224940000000000000510300020
:1058B000020400001F78D0011C6CA0011960700167
:1058C0001654400113481001103CE0000D30B000A8
:1058D0000A24800007180000000000006CF801098D
:1058E000A2D0620CD8A8C30F0E8124134459851688
:1058F0007A31E619B009471DE6E1A7201CBA080075
:105900001290600348680100000000005A20610303
:10591000244800002E72A820F899471DC2C1E6193C
:105920008CE98516561125132039C40FEA60630CE3
:10593000B48802097EB00100000000003EB2A82138
:1059400008DA471ED201E71A9C29861766512514EA
:105950003079C410FAA0630DC4C8020A8EF0A10603
:105960005818410322400000000000002F76B820A4
:10597000F99D571DC3C5F6198DED951657153513AD
:10598000213DD40FEB64730CB58C12097FB4B105C3
:1059900049DC500213040000000000003DAE9821D5
:1059A00007D6371ED1FDD61A9B257617654D1514DF
:1059B0002F75B410F99C530DC3C4F2098DEC9106F8
:1059C00057143103213C000000000000307AC82049
:1059D000FAA1671DC4C9061A8EF1A51658194513F8
:1059E0002241E40FEC68830CB690220980B8C1050F
:1059F0004AE0600214080000000000003CAA882170
:105A000006D2271ED0F9C61A9A21661764490514D2
:105A10002E71A410F898430DC2C0E2098CE88106EB
:105A2000561021032038000000000000317ED820ED
:105A3000FBA5771DC5CD161A8FF5B516591D551343
:105A40002345F40FED6C930CB794320981BCD1055A
:105A50004BE47002150C0000000000000000000084
:105A60000000000000000000000000000000000036
:105A70000000000000000000000000000000000026
:105A80000000000000000000000000000000000016
:105A90000000000000000000000000000000000006
:105AA00000000000000000000000000000000000F6
:105AB00000000000000000000000000000000000E6
:105AC00000000000000000000000000000000000D6
:105AD00000000000000000000000000000000000C6
:105AE00000000000000000000000000000000000B6
:105AF00000000000000000000000000000000000A6
:105B00000000000000000000000000000000000095
:105B10000000000000000000000000000000000085
:105B20000000000000000000000000000000000075
:105B30000000000000000000000000000000000065
:105B40000000000000000000000000000000000055
:105B50000000000000000000000000000000000045
:105B60000000000000000000000000000000000035
:105B70000000000000000000000000000000000025
:105B80000000000000000000000000000000000015
:105B90000000000000000000000000000000000005
:105BA00000000000000000000000000000000000F5
:105BB00000000000000000000000000000000000E5
:105BC00000000000000000000000000000000000D5
:105BD00000000000000000000000000000000000C5
:105BE00000000000000000000000000000000000B5
:105BF00000000000000000000000000000000000A5
:105C00000109000200000000000000002001040162
:105C10000000000000000000000000000000000084
:105C2000286200007C620000500C00002088414A7D
:105C3000E6200040000000400000000000000000DE
:105C4000002400005655030000000000D062806769
:105C5000BC672C6BB46D3C6D1C6C104F0000105772
:105C60002F04095400C086012DB41C00937DDC2252
:105C70002701060000C800C800000000500C00000A
:105C80002088414AE620004000000040000000005B
:105C90000000000000240000565503000000000032
:105CA00028658067BC67A46B14713C6D1C6CD801BF
:105CB000000010572F04095400C086012DB41C00A9
:105CC000937DDC022701060000C900C90100010024
:105CD000000000000000000000100000200800008C
:105CE000DF0F0000FF8E23380000000000000000DE
:105CF000DC06FE06F00B000012000000100500009C
:105D00000000000000000000020000000000000091
:105D1000000101000010000020080000DF0F00005B
:105D2000FF8E23380000000000000000DE06FC06A5
:105D3000F20B000014000200120500000000000039
:105D4000000000000200000000000000000202004D
:105D50000010000020080000DF0F0000FF8E233835
:105D60000000000000000000E006FA06F40B00004E
:105D700016000400140500000000000000000000F0
:105D800002000000000000000003030000100000FB
:105D900020080000DF0F0000FF8E23380000000005
:105DA00000000000E206F806F60B000018000600EE
:105DB00016050000000000000000000002000000C6
:105DC0000000000000040400001000002008000093
:105DD000DF0F0000FF8E23380000000000000000ED
:105DE000E406F606000000001A00080000000000AB
:105DF00000000000000000000000000000000000A3
:105E0000000505000010000020080000DF0F000062
:105E1000FF8E23380000000000000000E606F406B4
:105E2000000000001C000A0000000000000000004C
:105E30000000000000000000000000000006060056
:105E40000010000020080000DF0F0000FF8E233844
:105E50000000000000000000E806F206000000005C
:105E60001E000C0000000000000000000000000008
:105E70000000000000000000000707000010000004
:105E800020080000DF0F0000FF8E23380000000014
:105E900000000000EA06F0060000000020000E00EE
:105EA00000000000000000000000000000000000F2
:105EB000000000000008080000100000200800009A
:105EC000DF0F0000FF8E23380000000000000000FC
:105ED000EC06EE06000000002200100000000000AA
:105EE00000000000000000000000000000000000B2
:105EF000080801000110000020080000DF0F00006A
:105F0000F44120380300030000000000EC06EE0618
:105F1000000000000000240048004A0000000000CB
:105F2000000000000300000000000000000001016C
:105F30000110000020080000DF0F0000B44000380E
:105F40000000000000000000A2438043F00B0000AE
:105F5000220000001005000000000000000000000A
:105F6000020000000000000000010101011000001B
:105F700020080000DF0F0000B440003800000000DF
:105F800000000000A0438243F20B0000200002004A
:105F900012050000000000000000000002000000E8
:105FA00000000000000201010110000020080000B4
:105FB000DF0F0000B44000380000000000000000C7
:105FC0009E438443F40B00001E00040014050000EF
:105FD00000000000000000000200000000000000BF
:105FE000000301010110000020080000DF0F000085
:105FF000B440003800000000000000009C438643CD
:10600000F60B00001C000600160500000000000052
:106010000000000002000000000000000004010178
:106020000110000020080000DF0F0000B44000381D
:1060300000000000000000009A43884300000000B8
:106040001A0008000000000000000000000000002E
:106050000000000000000000000501010110000028
:1060600020080000DF0F0000B440003800000000EE
:106070000000000098438A430000000018000A0056
:106080000000000000000000000000000000000010
:1060900000000000000601010110000020080000BF
:1060A000DF0F0000B44000380000000000000000D6
:1060B00096438C430000000016000C000000000016
:1060C00000000000000000000000000000000000D0
:1060D000000701010110000020080000DF0F000090
:1060E000B4400038000000000000000094438E43DC
:1060F0000000000014000E0000000000000000007E
:106100000000000000000000000000000008010185
:106110000110000020080000DF0F0000B44000382C
:1061200000000000000000009243904300000000C7
:10613000120010000000000000000000000000003D
:10614000000000000000000008080001011000002D
:1061500020080000DF0F0000F44120380300030096
:1061600000000000EC06EE06000000000000240025
:1061700048004A000000000000000000030000008A
:10618000000000002DBCB4C4820300000C0000001D
:1061900010BC3804823E00000C00000010BC3844E3
:1061A000823E0000000000002DBCB4848203000089
:1061B0000C00000010BC3804823E0000000000000B
:1061C00000000000000000000000000000000000CF
:1061D00000000000000000000000000000000000BF
:1061E00000000000000000000000000000000000AF
:1061F000000000000000000000000000000000009F
:10620000000000000000000000000000000000008E
:10621000000000000000000000000000000000007E
:10622000000000000000000000000000000000006E
:10623000000000000000000000000000000000005E
:10624000000000000000000000000000000000004E
:10625000000000000000000000000000000000003E
:10626000000000000000000000000000000000002E
:10627000000000000000000000000000000000001E
:10628000000000000000000000000000000000000E
:1062900000000000000000000000000000000000FE
:1062A00000000000000000000000000000000000EE
:1062B00000000000000000000000000000000000DE
:1062C00000000000000000000000000000000000CE
:1062D000000000002499249924A924A902000200A6
:1062E0002469246924A524A50400040024A924A960
:1062F000A498A4980400040024A924A9146914698A
:10630000040004002400240000000000000000003D
:1063100024A524A524A924A900000000A4A8A4A8B9
:1063200024A924A90400040014A514A924A924A9BB
:106330000400040022A922A924A924A9040004001D
:10634000000000000000000000000000FFFFFF3F11
:10635000FFFFFF3FFFFFFF3FFFFFFF3FFFFFFFFF8D
:10636000FFFFFFFFFFFFFF3FFFFFFF3FFFFFFF3F7D
:10637000FFFFFF3FFFFFFF3FFFFFFF3FFFFFFF3F2D
:10638000FFFFFF3FFFFFFF7FFFFFFF3FFFFFFF3FDD
:10639000FFFFFF3FFFFFFF3FFFFFFF3FFFFFFF3F0D
:1063A000FFFFFF3FFFFFFF3FFFFFFF3F00484002AF
:1063B0003620A1056C0001FF0000FFFF00A8FF0FC1
:1063C0000E812413445985166031FE19B009471D0A
:1063D000E6E1A7601CBA08245292692700484002EF
:1063E0003620A1056CF801C9A2D0620CD8A8C30F51
:1063F0000E812413445985967A31E619B009471D58
:10640000E6E1A7201CBA08245292692769FF60FFC1
:10641000FFFFFFFFFF07FF034707B3033A019D009C
:106420001F06FE005A3A5A3A393939395A595A59D7
:106430003A3A3A3A3A3A3A3A3A3A3A3A3A3A000030
:106440000101010101010101010101010892240082
:106450004092240949920000000000003A013A01EC
:106460003A013A015AFF5AFFFFFFFFFFFF39FF3998
:10647000393939395A595A595E595E593A3A3A3A7C
:1064800039393939010101010000000008120812F0
:10649000490049004012401201000100445985168C
:1064A0007A31E619B009471DE6E1A7201CBA082495
:1064B0005292692700000000000000000000000068
:1064C00000000000000000000000000000000000CC
:1064D00000000000000000000000000000000000BC
:1064E00000000000000000000000000000000000AC
:1064F000000000000000000000000000000000009C
:10650000000000000000000000000000000000008B
:10651000000000000000000000000000000000007B
:1065200000000000000000000000000024992299F3
:1065300024A924A9020004002469146924A524A91B
:106540000400040024A9A4A8A49824990400040029
:1065500024A924A5146924690400040024A924A9F9
:1065600022A922A90400040024A524A924A914A96D
:1065700004000400A4A824A924A9A4A804000400D9
:1065800014A924A924A924A50400040022A924A94B
:1065900024A924A9040002002499249924A924A947
:1065A00002000200B69DB69DB6ADB6AD0200020077
:1065B000B66DB66DB6A5B6A506000600B6ADB6AD0D
:1065C000B69CB69C06000600B6ADB6AD966D966D4F
:1065D00006000600B6ADB6ADB2ADB2AD060006001F
:1065E000B6A5B6A5B6ADB6AD06000600B6ACB6AC5F
:1065F000B6ADB6AD0600060096AD96ADB6ADB6AD7D
:1066000006000600B2ADB2ADB6ADB6AD06000600EE
:1066100000000000000000000000000040016000D9
:106620003A1900001A819E001A819E003A019D00CD
:10663000FFFFFFFF5A3A5A3A393939395A595A59EC
:106640003A3A3A3A3A3A3A3A3A3A3A3A3A3A00001E
:106650000101010101010101010101010892240070
:106660004092240949920000000000003A813A81DA
:106670003A013A015A3A5A3A5A3A5A3A3939393970
:10668000393939395A595A595A595A593A3A3A3A72
:1066900039393939010101010000000008120812DE
:1066A000490049004012401201000100AA016000A7
:1066B000A41900008481D3008481D300A401D200F6
:1066C000FFFFFFFF5AA45AA4A3A3A3A35A595A59E0
:1066D000A4A4A4A4A4A4A4A4A4A4A4A4A4A40000C2
:1066E00001010101010101010101010108922400E0
:1066F000409224094992000000000000A481A48176
:10670000A401A4015AA45AA45AA45AA4A3A3A3A3BB
:10671000A3A3A3A35A595A595A595A59A4A4A4A491
:10672000A3A3A3A3010101010000000008120812A5
:10673000490049004012401201000100030300001B
:10674000030303030303030303030303030301011D
:10675000EBEBEEEECE0000000000000003030303AD
:106760000303030301010101EB0B0800080008000B
:106770000000000000000000030300000303030307
:1067800003030303030303030303010108A0E0EE73
:10679000C00000000000000003030303000000002D
:1067A00000000000000000000800080000000000D9
:1067B00000000000FFFFFF3FFFFFFF3FFFFFFF3F25
:1067C000FFFFFF3FFFFFFF3FFFFFFF3FFFFFFF3FD9
:1067D000FFFFFF3FFFFFFF3FFFFFFF3FFFFF0F00F8
:1067E00000000000FFFFFF3FFFFFFF3FFFFFFF3FF5
:1067F000FFFFFF3FFFFFFF3FFFFFFF3FFFFFFF3FA9
:10680000FFFFFF3FFFFFFF3FFFFFFF3FFFFF0F00C7
:1068100000000000FFFFFF3FFFFFFF3FFFFFFFBF44
:10682000FFFFFF3FFFFFFF3FFFFFFF3FFFFFFF3F78
:10683000FFFFFF3FFFFFFF3FFFFFFF7FFFFF0F0057
:1068400000000000FFFFFF3FFFFFFF3FFFFFFFFFD4
:10685000FFFFFF3FFFFFFF3FFFFFFF3FFFFFFFBFC8
:10686000FFFFFF3FFFFFFF3FFFFFFF3FFFFF0F0067
:1068700000000000FFFFFF3FFFFFFF3FFFFFFF3F64
:10688000FFFFFF3FFFFFFF3FFFFFFF3FFFFFFF3F18
:10689000FFFFFF3FFFFFFF3FFFFFFF3FFFFF0F0037
:1068A00000000000FFFFFF3FFFFFFF3FFFFFFF3F34
:1068B000FFFFFF3FFFFFFF3FFFFFFF3FFFFFFF3FE8
:1068C000FFFFFF3FFFFFFF3FFFFFFF3FFFFF0F0007
:1068D00000000000FFFFFF3FFFFFFF3FFFFFFF3F04
:1068E000FFFFFF3FFFFFFF3FFFFFFF3FFFFFFF3FB8
:1068F000FFFFFF3FFFFFFF3FFFFFFF3FFFFF0F00D7
:1069000000000000FFFFFF3FFFFFFF3FFFFFFF3FD3
:10691000FFFFFF3FFFFFFF3FFFFFFF3FFFFFFF3F87
:10692000FFFFFF3FFFFFFF3FFFFFFF3FFFFF0F00A6
:1069300000000000FFFFFF3FFFFFFF3FFFFFFF3FA3
:10694000FFFFFF3FFFFFFF3FFFFFFF3FFFFFFF3F57
:10695000FFFFFF3FFFFFFF3FFFFFFF3FFFFF0F0076
:1069600000000000FFFFFF3FFFFFFF3FFFFFFF3F73
:10697000FFFFFF3FFFFFFF3FFFFFFF3FFFFFFF3F27
:10698000FFFFFF3FFFFFFF3FFFFFFF3FFFFF0F0046
:1069900000000000FFFFFF3FFFFFFF3FFFFFFF3F43
:1069A000FFFFFF3FFFFFFF3FFFFFFF3FFFFFFF3FF7
:1069B000FFFFFF3FFFFFFF3FFFFFFF3FFFFF0F0016
:1069C00000000000FFFFFF3FFFFFFF3FFFFFFF3F13
:1069D000FFFFFF3FFFFFFF3FFFFFFF3FFFFFFF3FC7
:1069E000FFFFFF3FFFFFFF3FFFFFFF3FFFFF0F00E6
:1069F00000000000FFFFFF3FFFFFFF3FFFFFFF3FE3
:106A0000FFFFFF3FFFFFFF3FFFFFFF3FFFFFFF3F96
:106A1000FFFFFF3FFFFFFF3FFFFFFF3FFFFF0F00B5
:106A200000000000FFFFFF3FFFFFFF3FFFFFFF3FB2
:106A3000FFFFFF3FFFFFFF3FFFFFFF3FFFFFFF3F66
:106A4000FFFFFF3FFFFFFF3FFFFFFF3FFFFF0F0085
:106A500000000000FFFFFF3FFFFFFF3FFFFFFF3F82
:106A6000FFFFFF3FFFFFFF3FFFFFFF3FFFFFFF3F36
:106A7000FFFFFF3FFFFFFF3FFFFFFF3FFFFF0F0055
:106A800000000000FFFFFF3FFFFFFF3FFFFFFF3F52
:106A9000FFFFFF3FFFFFFF3FFFFFFF3FFFFFFF3F06
:106AA000FFFFFF3FFFFFFF3FFFFFFF3FFFFF0F0025
:106AB00000000000FFFFFF3FFFFFFF3FFFFFFF3F22
:106AC000FFFFFF3FFFFFFF3FFFFFFF3FFFFFFF3FD6
:106AD000FFFFFF3FFFFFFF3FFFFFFF3FFFFF0F00F5
:106AE00000000000FFFFFF3FFFFFFF3FFFFFFF3FF2
:106AF000FFFFFF3FFFFFFF3FFFFFFF3FFFFFFF3FA6
:106B0000FFFFFF3FFFFFFF3FFFFFFF3FFFFF0F00C4
:106B10000000000000000000000000000000000075
:106B20000000000000000000000000000000000065
:106B30000000000000000000000000000000000055
:106B40000000000000000000000000000000000045
:106B50000000000000000000000000000000000035
:106B60000000000000000000000000000000000025
:106B7000000000006CF80109A2D0620CD8A8C30F75
:106B80000E812413445985167A31E619B009471D40
:106B9000E6E1A7201CBA08001290600348680100D3
:106BA000000000005A206103244800002E72A82033
:106BB000F899471DC2C1E6198CE9851656112513AF
:106BC0002039C40FEA60630CB48802097EB001006A
:106BD00000000000000000000000000000000000B5
:106BE00000000000000000000000000000000000A5
:106BF0000000000000000000000000000000000095
:106C00000000000000000000000000000000000084
:106C10000000000000000000000000000000000074
:106C20000000000000000000000000000000000064
:106C30000000000000000000000000000000000054
:106C40000000000000000000000000000000000044
:106C50000000000000000000000000000000000034
:106C60000000000000000000000000000000000024
:106C70000000000000000000000000000000000014
:106C80000000000000000000000000000000000004
:106C900000000000000000000000000000000000F4
:106CA00000000000000000000000000000000000E4
:106CB00000000000000000000000000000000000D4
:106CC00000000000000000000000000000000000C4
:106CD00000000000000000000000000000000000B4
:106CE00000000000000000000000000000000000A4
:106CF0000000000000000000000000000000000094
:106D00000000000000000000000000000000000083
:106D10000000000000000000000000000000000073
:106D20000000000000000000000000000000000063
:106D30000000000000000000000000000000000053
:106D40000000000000000000000000000000000043
:106D50000000000000000000000000000000000033
:106D60000000000000000000000000000000000023
:106D70000000000000000000000000000000000013
:106D80000000000000000000000000000000000003
:106D900000000000000000000000000000000000F3
:106DA00000000000000000000000000000000000E3
:106DB00000000000000000000000000000000000D3
:106DC00000000000000000000000000000000000C3
:106DD00000000000000000000000000000000000B3
:106DE00000000000000000000000000000000000A3
:106DF0000000000000000000000000000000000093
:106E00000000000000000000000000000000000082
:106E10000000000000000000000000000000000072
:106E20000000000000000000000000000000000062
:106E30000000000000000000000000000000000052
:106E40000000000000000000000000000000000042
:106E50000000000000000000000000000000000032
:106E60000000000000000000000000000000000022
:106E70000000000000000000000000000000000012
:106E80000000000000000000000000000000000002
:106E900000000000000000000000000000000000F2
:106EA00000000000000000000000000000000000E2
:106EB00000000000000000000000000000000000D2
:106EC00000000000000000000000000000000000C2
:106ED00000000000000000000000000000000000B2
:106EE00000000000000000000000000000000000A2
:106EF0000000000000000000000000000000000092
:106F00000000000000000000000000000000000081
:106F10000000000000000000000000000000000071
:106F20000000000000000000000000000000000061
:106F30000000000000000000000000000000000051
:106F40000000000000000000000000000000000041
:106F50000000000000000000000000000000000031
:106F60000000000000000000000000000000000021
:106F70000000000000000000000000000000000011
:106F80000000000000000000000000000000000001
:106F900000000000000000000000000000000000F1
:106FA00000000000000000000000000000000000E1
:106FB00000000000000000000000000000000000D1
:106FC00000000000000000000000000000000000C1
:106FD00000000000000000000000000000000000B1
:106FE00000000000000000000000000000000000A1
:106FF0000000000000000000000000000000000091
:107000000000000000000000000000000000000080
:107010000000000000000000000000000000000070
:107020000000000000000000000000000000000060
:107030000000000000000000000000000000000050
:107040000000000000000000000000000000000040
:107050000000000000000000000000000000000030
:107060000000000000000000000000000000000020
:107070000000000000000000000000000000000010
:107080000000000000000000000000000000000000
:1070900000000000000000000000000000000000F0
:1070A00000000000000000000000000000000000E0
:1070B00000000000000000000000000000000000D0
:1070C00000000000000000000000000000000000C0
:1070D00000000000000000000000000000000000B0
:1070E00000000000000000000000000000000000A0
:1070F0000000000000000000000000000000000090
:10710000000000000000000000000000000000007F
:10711000000000000000000000000000000000006F
:10712000000000000000000000000000000000005F
:10713000000000000000000000000000000000004F
:10714000000000000000000000000000000000003F
:10715000000000000000000000000000000000002F
:10716000000000000000000000000000000000001F
:10717000000000000000000000000000000000000F
:1071800000000000000000000000000000000000FF
:1071900000000000000000000000000000000000EF
:1071A00000000000000000000000000000000000DF
:1071B00000000000000000000000000000000000CF
:1071C00000000000000000000000000000000000BF
:1071D00000000000000000000000000000000000AF
:1071E000000000000000000000000000000000009F
:1071F000000000000000000000000000000000008F
:10720000000000000000000000000000000000007E
:10721000000000000000000000000000000000006E
:10722000000000000000000000000000000000005E
:10723000000000000000000000000000000000004E
:10724000000000000000000000000000000000003E
:10725000000000000000000000000000000000002E
:10726000000000000000000000000000000000001E
:10727000000000000000000000000000000000000E
:1072800000000000000000000000000000000000FE
:1072900000000000000000000000000000000000EE
:1072A00000000000000000000000000000000000DE
:1072B00000000000000000000000000000000000CE
:1072C00000000000000000000000000000000000BE
:1072D00000000000000000000000000000000000AE
:1072E000000000000000000000000000000000009E
:1072F000000000000000000000000000000000008E
:10730000000000000000000000000000000000007D
:10731000000000000000000000000000000000006D
:10732000000000000000000000000000000000005D
:10733000000000000000000000000000000000004D
:10734000000000000000000000000000000000003D
:10735000000000000000000000000000000000002D
:10736000000000000000000000000000000000001D
:10737000000000000000000000000000000000000D
:1073800000000000000000000000000000000000FD
:1073900000000000000000000000000000000000ED
:1073A00000000000000000000000000000000000DD
:1073B00000000000000000000000000000000000CD
:1073C00000000000000000000000000000000000BD
:1073D00000000000000000000000000000000000AD
:1073E000000000000000000000000000000000009D
:1073F000000000000000000000000000000000008D
:10740000000000000000000000000000000000007C
:10741000000000000000000000000000000000006C
:10742000000000000000000000000000000000005C
:10743000000000000000000000000000000000004C
:10744000000000000000000000000000000000003C
:10745000000000000000000000000000000000002C
:10746000000000000000000000000000000000001C
:10747000000000000000000000000000000000000C
:1074800000000000000000000000000000000000FC
:1074900000000000000000000000000000000000EC
:1074A00000000000000000000000000000000000DC
:1074B00000000000000000000000000000000000CC
:1074C00000000000000000000000000000000000BC
:1074D00000000000000000000000000000000000AC
:1074E000000000000000000000000000000000009C
:1074F000000000000000000000000000000000008C
:10750000000000000000000000000000000000007B
:10751000000000000000000000000000000000006B
:10752000000000000000000000000000000000005B
:10753000000000000000000000000000000000004B
:10754000000000000000000000000000000000003B
:10755000000000000000000000000000000000002B
:10756000000000000000000000000000000000001B
:10757000000000000000000000000000000000000B
:1075800000000000000000000000000000000000FB
:1075900000000000000000000000000000000000EB
:1075A00000000000000000000000000000000000DB
:1075B00000000000000000000000000000000000CB
:1075C00000000000000000000000000000000000BB
:1075D00000000000000000000000000000000000AB
:1075E000000000000000000000000000000000009B
:1075F000000000000000000000000000000000008B
:10760000000000000000000000000000000000007A
:10761000000000000000000000000000000000006A
:10762000000000000000000000000000000000005A
:10763000000000000000000000000000000000004A
:10764000000000000000000000000000000000003A
:10765000000000000000000000000000000000002A
:10766000000000000000000000000000000000001A
:10767000000000000000000000000000000000000A
:1076800000000000000000000000000000000000FA
:1076900000000000000000000000000000000000EA
:1076A00000000000000000000000000000000000DA
:1076B00000000000000000000000000000000000CA
:1076C00000000000000000000000000000000000BA
:1076D00000000000000000000000000000000000AA
:1076E000000000000000000000000000000000009A
:1076F000000000000000000000000000000000008A
:107700000000000000000000000000000000000079
:107710000000000000000000000000000000000069
:107720000000000000000000000000000000000059
:107730000000000000000000000000000000000049
:107740000000000000000000000000000000000039
:107750000000000000000000000000000000000029
:107760000000000000000000000000000000000019
:107770000000000000000000000000000000000009
:1077800000000000000000000000000000000000F9
:1077900000000000000000000000000000000000E9
:1077A00000000000000000000000000000000000D9
:1077B00000000000000000000000000000000000C9
:1077C00000000000000000000000000000000000B9
:1077D00000000000000000000000000000000000A9
:1077E0000000000000000000000000000000000099
:1077F0000000000000000000000000000000000089
:107800000000000000000000000000000000000078
:107810000000000000000000000000000000000068
:107820000000000000000000000000000000000058
:107830000000000000000000000000000000000048
:107840000000000000000000000000000000000038
:107850000000000000000000000000000000000028
:107860000000000000000000000000000000000018
:107870000000000000000000000000000000000008
:1078800000000000000000000000000000000000F8
:1078900000000000000000000000000000000000E8
:1078A00000000000000000000000000000000000D8
:1078B00000000000000000000000000000000000C8
:1078C00000000000000000000000000000000000B8
:1078D00000000000000000000000000000000000A8
:1078E0000000000000000000000000000000000098
:1078F0000000000000000000000000000000000088
:107900000000000000000000000000000000000077
:107910000000000000000000000000000000000067
:107920000000000000000000000000000000000057
:107930000000000000000000000000000000000047
:107940000000000000000000000000000000000037
:107950000000000000000000000000000000000027
:107960000000000000000000000000000000000017
:107970000000000000000000000000000000000007
:1079800000000000000000000000000000000000F7
:1079900000000000000000000000000000000000E7
:1079A00000000000000000000000000000000000D7
:1079B00000000000000000000000000000000000C7
:1079C00000000000000000000000000000000000B7
:1079D00000000000000000000000000000000000A7
:1079E0000000000000000000000000000000000097
:1079F0000000000000000000000000000000000087
:107A00000000000000000000000000000000000076
:107A10000000000000000000000000000000000066
:107A20000000000000000000000000000000000056
:107A30000000000000000000000000000000000046
:107A40000000000000000000000000000000000036
:107A50000000000000000000000000000000000026
:107A60000000000000000000000000000000000016
:107A70000000000000000000000000000000000006
:107A800000000000000000000000000000000000F6
:107A900000000000000000000000000000000000E6
:107AA00000000000000000000000000000000000D6
:107AB00000000000000000000000000000000000C6
:107AC00000000000000000000000000000000000B6
:107AD00000000000000000000000000000000000A6
:107AE0000000000000000000000000000000000096
:107AF0000000000000000000000000000000000086
:107B00000000000000000000000000000000000075
:107B10000000000000000000000000000000000065
:107B20000000000000000000000000000000000055
:107B30000000000000000000000000000000000045
:107B40000000000000000000000000000000000035
:107B50000000000000000000000000000000000025
:107B60000000000000000000000000000000000015
:107B70000000000000000000000000000000000005
:107B800000000000000000000000000000000000F5
:107B900000000000000000000000000000000000E5
:107BA00000000000000000000000000000000000D5
:107BB00000000000000000000000000000000000C5
:107BC00000000000000000000000000000000000B5
:107BD00000000000000000000000000000000000A5
:107BE0000000000000000000000000000000000095
:107BF0000000000000000000000000000000000085
:107C00000000000000000000000000000000000074
:107C10000000000000000000000000000000000064
:107C20000000000000000000000000000000000054
:107C30000000000000000000000000000000000044
:107C40000000000000000000000000000000000034
:107C50000000000000000000000000000000000024
:107C60000000000000000000000000000000000014
:107C70000000000000000000000000000000000004
:107C800000000000000000000000000000000000F4
:107C900000000000000000000000000000000000E4
:107CA00000000000000000000000000000000000D4
:107CB00000000000000000000000000000000000C4
:107CC00000000000000000000000000000000000B4
:107CD00000000000000000000000000000000000A4
:107CE0000000000000000000000000000000000094
:107CF0000000000000000000000000000000000084
:107D00000000000000000000000000000000000073
:107D10000000000000000000000000000000000063
:107D20000000000000000000000000000000000053
:107D30000000000000000000000000000000000043
:107D40000000000000000000000000000000000033
:107D50000000000000000000000000000000000023
:107D60000000000000000000000000000000000013
:107D70000000000000000000000000000000000003
:107D800000000000000000000000000000000000F3
:107D900000000000000000000000000000000000E3
:107DA00000000000000000000000000000000000D3
:107DB00000000000000000000000000000000000C3
:107DC00000000000000000000000000000000000B3
:107DD00000000000000000000000000000000000A3
:107DE0000000000000000000000000000000000093
:107DF0000000000000000000000000000000000083
:107E00000000000000000000000000000000000072
:107E10000000000000000000000000000000000062
:107E20000000000000000000000000000000000052
:107E30000000000000000000000000000000000042
:107E40000000000000000000000000000000000032
:107E50000000000000000000000000000000000022
:107E60000000000000000000000000000000000012
:107E70000000000000000000000000000000000002
:107E800000000000000000000000000000000000F2
:107E900000000000000000000000000000000000E2
:107EA00000000000000000000000000000000000D2
:107EB00000000000000000000000000000000000C2
:107EC00000000000000000000000000000000000B2
:107ED00000000000000000000000000000000000A2
:107EE0000000000000000000000000000000000092
:107EF0000000000000000000000000000000000082
:107F00000000000000000000000000000000000071
:107F10000000000000000000000000000000000061
:107F20000000000000000000000000000000000051
:107F30000000000000000000000000000000000041
:107F40000000000000000000000000000000000031
:107F50000000000000000000000000000000000021
:107F60000000000000000000000000000000000011
:107F70000000000000000000000000000000000001
:107F800000000000000000000000000000000000F1
:107F900000000000000000000000000000000000E1
:107FA00000000000000000000000000000000000D1
:107FB00000000000000000000000000000000000C1
:107FC00000000000000000000000000000000000B1
:107FD00000000000000000000000000000000000A1
:107FE0000000000000000000000000000000000091
:107FF0000000000000000000000000000000000081
:108000000000000000000000000000000000000070
:108010000000000000000000000000000000000060
:108020000000000000000000000000000000000050
:108030000000000000000000000000000000000040
:108040000000000000000000000000000000000030
:108050000000000000000000000000000000000020
:108060000000000000000000000000000000000010
:108070000000000000000000000000000000000000
:1080800000000000000000000000000000000000F0
:1080900000000000000000000000000000000000E0
:1080A00000000000000000000000000000000000D0
:1080B00000000000000000000000000000000000C0
:1080C00000000000000000000000000000000000B0
:1080D00000000000000000000000000000000000A0
:1080E0000000000000000000000000000000000090
:1080F0000000000000000000000000000000000080
:10810000000000000000000000000000000000006F
:10811000000000000000000000000000000000005F
:10812000000000000000000000000000000000004F
:10813000000000000000000000000000000000003F
:10814000000000000000000000000000000000002F
:10815000000000000000000000000000000000001F
:10816000000000000000000000000000000000000F
:1081700000000000000000000000000000000000FF
:1081800000000000000000000000000000000000EF
:1081900000000000000000000000000000000000DF
:1081A00000000000000000000000000000000000CF
:1081B00000000000000000000000000000000000BF
:1081C00000000000000000000000000000000000AF
:1081D000000000000000000000000000000000009F
:1081E000000000000000000000000000000000008F
:1081F000000000000000000000000000000000007F
:10820000000000000000000000000000000000006E
:10821000000000000000000000000000000000005E
:10822000000000000000000000000000000000004E
:10823000000000000000000000000000000000003E
:10824000000000000000000000000000000000002E
:10825000000000000000000000000000000000001E
:10826000000000000000000000000000000000000E
:1082700000000000000000000000000000000000FE
:1082800000000000000000000000000000000000EE
:1082900000000000000000000000000000000000DE
:1082A00000000000000000000000000000000000CE
:1082B00000000000000000000000000000000000BE
:1082C00000000000000000000000000000000000AE
:1082D000000000000000000000000000000000009E
:1082E000000000000000000000000000000000008E
:1082F000000000000000000000000000000000007E
:10830000000000000000000000000000000000006D
:10831000000000000000000000000000000000005D
:10832000000000000000000000000000000000004D
:10833000000000000000000000000000000000003D
:10834000000000000000000000000000000000002D
:10835000000000000000000000000000000000001D
:10836000000000000000000000000000000000000D
:1083700000000000000000000000000000000000FD
:1083800000000000000000000000000000000000ED
:1083900000000000000000000000000000000000DD
:1083A00000000000000000000000000000000000CD
:1083B00000000000000000000000000000000000BD
:1083C00000000000000000000000000000000000AD
:1083D000000000000000000000000000000000009D
:1083E000000000000000000000000000000000008D
:1083F000000000000000000000000000000000007D
:10840000000000000000000000000000000000006C
:10841000000000000000000000000000000000005C
:10842000000000000000000000000000000000004C
:10843000000000000000000000000000000000003C
:10844000000000000000000000000000000000002C
:10845000000000000000000000000000000000001C
:10846000000000000000000000000000000000000C
:1084700000000000000000000000000000000000FC
:1084800000000000000000000000000000000000EC
:1084900000000000000000000000000000000000DC
:1084A00000000000000000000000000000000000CC
:1084B00000000000000000000000000000000000BC
:1084C00000000000000000000000000000000000AC
:1084D000000000000000000000000000000000009C
:1084E000000000000000000000000000000000008C
:1084F000000000000000000000000000000000007C
:10850000000000000000000000000000000000006B
:10851000000000000000000000000000000000005B
:10852000000000000000000000000000000000004B
:10853000000000000000000000000000000000003B
:10854000000000000000000000000000000000002B
:10855000000000000000000000000000000000001B
:10856000000000000000000000000000000000000B
:1085700000000000000000000000000000000000FB
:1085800000000000000000000000000000000000EB
:1085900000000000000000000000000000000000DB
:1085A00000000000000000000000000000000000CB
:1085B00000000000000000000000000000000000BB
:1085C00000000000000000000000000000000000AB
:1085D000000000000000000000000000000000009B
:1085E000000000000000000000000000000000008B
:1085F000000000000000000000000000000000007B
:10860000000000000000000000000000000000006A
:10861000000000000000000000000000000000005A
:10862000000000000000000000000000000000004A
:10863000000000000000000000000000000000003A
:10864000000000000000000000000000000000002A
:10865000000000000000000000000000000000001A
:10866000000000000000000000000000000000000A
:1086700000000000000000000000000000000000FA
:1086800000000000000000000000000000000000EA
:1086900000000000000000000000000000000000DA
:1086A00000000000000000000000000000000000CA
:1086B00000000000000000000000000000000000BA
:1086C00000000000000000000000000000000000AA
:1086D000000000000000000000000000000000009A
:1086E000000000000000000000000000000000008A
:1086F000000000000000000000000000000000007A
:108700000000000000000000000000000000000069
:108710000000000000000000000000000000000059
:108720000000000000000000000000000000000049
:108730000000000000000000000000000000000039
:108740000000000000000000000000000000000029
:108750000000000000000000000000000000000019
:108760000000000000000000000000000000000009
:1087700000000000000000000000000000000000F9
:1087800000000000000000000000000000000000E9
:1087900000000000000000000000000000000000D9
:1087A00000000000000000000000000000000000C9
:1087B00000000000000000000000000000000000B9
:1087C00000000000000000000000000000000000A9
:1087D0000000000000000000000000000000000099
:1087E0000000000000000000000000000000000089
:1087F0000000000000000000000000000000000079
:108800000000000000000000000000000000000068
:108810000000000000000000000000000000000058
:108820000000000000000000000000000000000048
:108830000000000000000000000000000000000038
:108840000000000000000000000000000000000028
:108850000000000000000000000000000000000018
:108860000000000000000000000000000000000008
:1088700000000000000000000000000000000000F8
:1088800000000000000000000000000000000000E8
:1088900000000000000000000000000000000000D8
:1088A00000000000000000000000000000000000C8
:1088B00000000000000000000000000000000000B8
:1088C00000000000000000000000000000000000A8
:1088D0000000000000000000000000000000000098
:1088E0000000000000000000000000000000000088
:1088F0000000000000000000000000000000000078
:108900000000000000000000000000000000000067
:108910000000000000000000000000000000000057
:108920000000000000000000000000000000000047
:108930000000000000000000000000000000000037
:108940000000000000000000000000000000000027
:108950000000000000000000000000000000000017
:108960000000000000000000000000000000000007
:1089700000000000000000000000000000000000F7
:1089800000000000000000000000000000000000E7
:1089900000000000000000000000000000000000D7
:1089A00000000000000000000000000000000000C7
:1089B00000000000000000000000000000000000B7
:1089C00000000000000000000000000000000000A7
:1089D0000000000000000000000000000000000097
:1089E0000000000000000000000000000000000087
:1089F0000000000000000000000000000000000077
:108A00000000000000000000000000000000000066
:108A10000000000000000000000000000000000056
:108A20000000000000000000000000000000000046
:108A30000000000000000000000000000000000036
:108A40000000000000000000000000000000000026
:108A50000000000000000000000000000000000016
:108A60000000000000000000000000000000000006
:108A700000000000000000000000000000000000F6
:108A800000000000000000000000000000000000E6
:108A900000000000000000000000000000000000D6
:108AA00000000000000000000000000000000000C6
:108AB00000000000000000000000000000000000B6
:108AC00000000000000000000000000000000000A6
:108AD0000000000000000000000000000000000096
:108AE0000000000000000000000000000000000086
:108AF0000000000000000000000000000000000076
:108B00000000000000000000000000000000000065
:108B10000000000000000000000000000000000055
:108B20000000000000000000000000000000000045
:108B30000000000000000000000000000000000035
:108B40000000000000000000000000000000000025
:108B50000000000000000000000000000000000015
:108B60000000000000000000000000000000000005
:108B700000000000000000000000000000000000F5
:108B800000000000000000000000000000000000E5
:108B900000000000000000000000000000000000D5
:108BA00000000000000000000000000000000000C5
:108BB00000000000000000000000000000000000B5
:108BC00000000000000000000000000000000000A5
:108BD0000000000000000000000000000000000095
:108BE0000000000000000000000000000000000085
:108BF0000000000000000000000000000000000075
:108C00000000000000000000000000000000000064
:108C10000000000000000000000000000000000054
:108C20000000000000000000000000000000000044
:108C30000000000000000000000000000000000034
:108C40000000000000000000000000000000000024
:108C50000000000000000000000000000000000014
:108C60000000000000000000000000000000000004
:108C700000000000000000000000000000000000F4
:108C800000000000000000000000000000000000E4
:108C900000000000000000000000000000000000D4
:108CA00000000000000000000000000000000000C4
:108CB00000000000000000000000000000000000B4
:108CC00000000000000000000000000000000000A4
:108CD0000000000000000000000000000000000094
:108CE0000000000000000000000000000000000084
:108CF0000000000000000000000000000000000074
:108D00000000000000000000000000000000000063
:108D10000000000000000000000000000000000053
:108D20000000000000000000000000000000000043
:108D30000000000000000000000000000000000033
:108D40000000000000000000000000000000000023
:108D50000000000000000000000000000000000013
:108D60000000000000000000000000000000000003
:108D700000000000000000000000000000000000F3
:108D800000000000000000000000000000000000E3
:108D900000000000000000000000000000000000D3
:108DA00000000000000000000000000000000000C3
:108DB00000000000000000000000000000000000B3
:108DC00000000000000000000000000000000000A3
:108DD0000000000000000000000000000000000093
:108DE0000000000000000000000000000000000083
:108DF0000000000000000000000000000000000073
:108E00000000000000000000000000000000000062
:108E10000000000000000000000000000000000052
:108E20000000000000000000000000000000000042
:108E30000000000000000000000000000000000032
:108E40000000000000000000000000000000000022
:108E50000000000000000000000000000000000012
:108E60000000000000000000000000000000000002
:108E700000000000000000000000000000000000F2
:108E800000000000000000000000000000000000E2
:108E900000000000000000000000000000000000D2
:108EA00000000000000000000000000000000000C2
:108EB00000000000000000000000000000000000B2
:108EC00000000000000000000000000000000000A2
:108ED0000000000000000000000000000000000092
:108EE0000000000000000000000000000000000082
:108EF0000000000000000000000000000000000072
:108F00000000000000000000000000000000000061
:108F10000000000000000000000000000000000051
:108F20000000000000000000000000000000000041
:108F30000000000000000000000000000000000031
:108F40000000000000000000000000000000000021
:108F50000000000000000000000000000000000011
:108F60000000000000000000000000000000000001
:108F700000000000000000000000000000000000F1
:108F800000000000000000000000000000000000E1
:108F900000000000000000000000000000000000D1
:108FA00000000000000000000000000000000000C1
:108FB00000000000000000000000000000000000B1
:108FC00000000000000000000000000000000000A1
:108FD0000000000000000000000000000000000091
:108FE0000000000000000000000000000000000081
:108FF0000000000000000000000000000000000071
:109000000000000000000000000000000000000060
:109010000000000000000000000000000000000050
:109020000000000000000000000000000000000040
:109030000000000000000000000000000000000030
:109040000000000000000000000000000000000020
:109050000000000000000000000000000000000010
:109060000000000000000000000000000000000000
:1090700000000000000000000000000000000000F0
:1090800000000000000000000000000000000000E0
:1090900000000000000000000000000000000000D0
:1090A00000000000000000000000000000000000C0
:1090B00000000000000000000000000000000000B0
:1090C00000000000000000000000000000000000A0
:1090D0000000000000000000000000000000000090
:1090E0000000000000000000000000000000000080
:1090F0000000000000000000000000000000000070
:10910000000000000000000000000000000000005F
:10911000000000000000000000000000000000004F
:10912000000000000000000000000000000000003F
:10913000000000000000000000000000000000002F
:10914000000000000000000000000000000000001F
:10915000000000000000000000000000000000000F
:1091600000000000000000000000000000000000FF
:1091700000000000000000000000000000000000EF
:1091800000000000000000000000000000000000DF
:1091900000000000000000000000000000000000CF
:1091A00000000000000000000000000000000000BF
:1091B00000000000000000000000000000000000AF
:1091C000000000000000000000000000000000009F
:1091D000000000000000000000000000000000008F
:1091E000000000000000000000000000000000007F
:1091F000000000000000000000000000000000006F
:10920000000000000000000000000000000000005E
:10921000000000000000000000000000000000004E
:10922000000000000000000000000000000000003E
:10923000000000000000000000000000000000002E
:10924000000000000000000000000000000000001E
:10925000000000000000000000000000000000000E
:1092600000000000000000000000000000000000FE
:1092700000000000000000000000000000000000EE
:1092800000000000000000000000000000000000DE
:1092900000000000000000000000000000000000CE
:1092A00000000000000000000000000000000000BE
:1092B00000000000000000000000000000000000AE
:1092C000000000000000000000000000000000009E
:1092D000000000000000000000000000000000008E
:1092E000000000000000000000000000000000007E
:1092F000000000000000000000000000000000006E
:10930000000000000000000000000000000000005D
:10931000000000000000000000000000000000004D
:10932000000000000000000000000000000000003D
:10933000000000000000000000000000000000002D
:10934000000000000000000000000000000000001D
:10935000000000000000000000000000000000000D
:1093600000000000000000000000000000000000FD
:1093700000000000000000000000000000000000ED
:1093800000000000000000000000000000000000DD
:1093900000000000000000000000000000000000CD
:1093A00000000000000000000000000000000000BD
:1093B00000000000000000000000000000000000AD
:1093C000000000000000000000000000000000009D
:1093D000000000000000000000000000000000008D
:1093E000000000000000000000000000000000007D
:1093F000000000000000000000000000000000006D
:10940000000000000000000000000000000000005C
:10941000000000000000000000000000000000004C
:10942000000000000000000000000000000000003C
:10943000000000000000000000000000000000002C
:10944000000000000000000000000000000000001C
:10945000000000000000000000000000000000000C
:1094600000000000000000000000000000000000FC
:1094700000000000000000000000000000000000EC
:1094800000000000000000000000000000000000DC
:1094900000000000000000000000000000000000CC
:1094A00000000000000000000000000000000000BC
:1094B00000000000000000000000000000000000AC
:1094C000000000000000000000000000000000009C
:1094D000000000000000000000000000000000008C
:1094E000000000000000000000000000000000007C
:1094F000000000000000000000000000000000006C
:10950000000000000000000000000000000000005B
:10951000000000000000000000000000000000004B
:10952000000000000000000000000000000000003B
:10953000000000000000000000000000000000002B
:10954000000000000000000000000000000000001B
:10955000000000000000000000000000000000000B
:1095600000000000000000000000000000000000FB
:1095700000000000000000000000000000000000EB
:1095800000000000000000000000000000000000DB
:1095900000000000000000000000000000000000CB
:1095A00000000000000000000000000000000000BB
:1095B00000000000000000000000000000000000AB
:1095C000000000000000000000000000000000009B
:1095D000000000000000000000000000000000008B
:1095E000000000000000000000000000000000007B
:1095F000000000000000000000000000000000006B
:10960000000000000000000000000000000000005A
:10961000000000000000000000000000000000004A
:10962000000000000000000000000000000000003A
:10963000000000000000000000000000000000002A
:10964000000000000000000000000000000000001A
:10965000000000000000000000000000000000000A
:1096600000000000000000000000000000000000FA
:1096700000000000000000000000000000000000EA
:1096800000000000000000000000000000000000DA
:1096900000000000000000000000000000000000CA
:1096A00000000000000000000000000000000000BA
:1096B00000000000000000000000000000000000AA
:1096C000000000000000000000000000000000009A
:1096D000000000000000000000000000000000008A
:1096E000000000000000000000000000000000007A
:1096F000000000000000000000000000000000006A
:109700000000000000000000000000000000000059
:109710000000000000000000000000000000000049
:109720000000000000000000000000000000000039
:109730000000000000000000000000000000000029
:109740000000000000000000000000000000000019
:109750000000000000000000000000000000000009
:1097600000000000000000000000000000000000F9
:1097700000000000000000000000000000000000E9
:1097800000000000000000000000000000000000D9
:1097900000000000000000000000000000000000C9
:1097A00000000000000000000000000000000000B9
:1097B00000000000000000000000000000000000A9
:1097C0000000000000000000000000000000000099
:1097D0000000000000000000000000000000000089
:1097E0000000000000000000000000000000000079
:1097F0000000000000000000000000000000000069
:109800000000000000000000000000000000000058
:109810000000000000000000000000000000000048
:109820000000000000000000000000000000000038
:109830000000000000000000000000000000000028
:109840000000000000000000000000000000000018
:109850000000000000000000000000000000000008
:1098600000000000000000000000000000000000F8
:1098700000000000000000000000000000000000E8
:1098800000000000000000000000000000000000D8
:1098900000000000000000000000000000000000C8
:1098A00000000000000000000000000000000000B8
:1098B00000000000000000000000000000000000A8
:1098C0000000000000000000000000000000000098
:1098D0000000000000000000000000000000000088
:1098E0000000000000000000000000000000000078
:1098F0000000000000000000000000000000000068
:109900000000000000000000000000000000000057
:109910000000000000000000000000000000000047
:109920000000000000000000000000000000000037
:109930000000000000000000000000000000000027
:109940000000000000000000000000000000000017
:109950000000000000000000000000000000000007
:1099600000000000000000000000000000000000F7
:1099700000000000000000000000000000000000E7
:1099800000000000000000000000000000000000D7
:1099900000000000000000000000000000000000C7
:1099A00000000000000000000000000000000000B7
:1099B00000000000000000000000000000000000A7
:1099C0000000000000000000000000000000000097
:1099D0000000000000000000000000000000000087
:1099E0000000000000000000000000000000000077
:1099F0000000000000000000000000000000000067
:109A00000000000000000000000000000000000056
:109A10000000000000000000000000000000000046
:109A20000000000000000000000000000000000036
:109A30000000000000000000000000000000000026
:109A40000000000000000000000000000000000016
:109A50000000000000000000000000000000000006
:109A600000000000000000000000000000000000F6
:109A700000000000000000000000000000000000E6
:109A800000000000000000000000000000000000D6
:109A900000000000000000000000000000000000C6
:109AA00000000000000000000000000000000000B6
:109AB00000000000000000000000000000000000A6
:109AC0000000000000000000000000000000000096
:109AD0000000000000000000000000000000000086
:109AE0000000000000000000000000000000000076
:109AF0000000000000000000000000000000000066
:109B00000000000000000000000000000000000055
:109B10000000000000000000000000000000000045
:109B20000000000000000000000000000000000035
:109B30000000000000000000000000000000000025
:109B40000000000000000000000000000000000015
:109B50000000000000000000000000000000000005
:109B600000000000000000000000000000000000F5
:109B700000000000000000000000000000000000E5
:109B800000000000000000000000000000000000D5
:109B900000000000000000000000000000000000C5
:109BA00000000000000000000000000000000000B5
:109BB00000000000000000000000000000000000A5
:109BC0000000000000000000000000000000000095
:109BD0000000000000000000000000000000000085
:109BE0000000000000000000000000000000000075
:109BF0000000000000000000000000000000000065
:109C00000000000000000000000000000000000054
:109C10000000000000000000000000000000000044
:109C20000000000000000000000000000000000034
:109C30000000000000000000000000000000000024
:109C40000000000000000000000000000000000014
:109C50000000000000000000000000000000000004
:109C600000000000000000000000000000000000F4
:109C700000000000000000000000000000000000E4
:109C800000000000000000000000000000000000D4
:109C900000000000000000000000000000000000C4
:109CA00000000000000000000000000000000000B4
:109CB00000000000000000000000000000000000A4
:109CC0000000000000000000000000000000000094
:109CD0000000000000000000000000000000000084
:109CE0000000000000000000000000000000000074
:109CF0000000000000000000000000000000000064
:109D00000000000000000000000000000000000053
:109D10000000000000000000000000000000000043
:109D20000000000000000000000000000000000033
:109D30000000000000000000000000000000000023
:109D40000000000000000000000000000000000013
:109D50000000000000000000000000000000000003
:109D600000000000000000000000000000000000F3
:109D700000000000000000000000000000000000E3
:109D800000000000000000000000000000000000D3
:109D900000000000000000000000000000000000C3
:109DA00000000000000000000000000000000000B3
:109DB00000000000000000000000000000000000A3
:109DC0000000000000000000000000000000000093
:109DD0000000000000000000000000000000000083
:109DE0000000000000000000000000000000000073
:109DF0000000000000000000000000000000000063
:109E00000000000000000000000000000000000052
:109E10000000000000000000000000000000000042
:109E20000000000000000000000000000000000032
:109E30000000000000000000000000000000000022
:109E40000000000000000000000000000000000012
:109E50000000000000000000000000000000000002
:109E600000000000000000000000000000000000F2
:109E700000000000000000000000000000000000E2
:109E800000000000000000000000000000000000D2
:109E900000000000000000000000000000000000C2
:109EA00000000000000000000000000000000000B2
:109EB00000000000000000000000000000000000A2
:109EC0000000000000000000000000000000000092
:109ED0000000000000000000000000000000000082
:109EE0000000000000000000000000000000000072
:109EF0000000000000000000000000000000000062
:109F00000000000000000000000000000000000051
:109F10000000000000000000000000000000000041
:109F20000000000000000000000000000000000031
:109F30000000000000000000000000000000000021
:109F40000000000000000000000000000000000011
:109F50000000000000000000000000000000000001
:109F600000000000000000000000000000000000F1
:109F700000000000000000000000000000000000E1
:109F800000000000000000000000000000000000D1
:109F900000000000000000000000000000000000C1
:109FA00000000000000000000000000000000000B1
:109FB00000000000000000000000000000000000A1
:109FC0000000000000000000000000000000000091
:109FD0000000000000000000000000000000000081
:109FE0000000000000000000000000000000000071
:109FF0000000000000000000000000000000000061
:10A0000013EC1220D00272060E0A000101010812A0
:10A010002000D00272060000000C010100000000C8
:10A020000000705900000000000000000009010A53
:10A03000000128344002000028141A00000000002B
:10A040000000000000000000000000000000000010
:10A050000000000000000000000000000000000000
:10A0600000000000000000000000000000000000F0
:10A0700000000000000000000000000000000000E0
:10A0800000010100000000000000000000000000CE
:10A0900000000000000000000001010101010100BA
:10A0A00000010100000001010101010100000000A8
:10A0B00001010000000000000F07000001017D0009
:10A0C0007D0003000A0078000000820001015F00AB
:10A0D0005F0014000A0078000000640078000000AF
:10A0E00000000000000000009001F4012C01960027
:10A0F0002C010A0A000120000001F40105050000FE
:10A1000007010000F1FFAF00FF7FFF7FFF7FFF7FB0
:10A11000FF7FFF7FFF7FFF7FFF7FFF7FC80078000B
:10A120003C0096000008CECE32323205000000001E
:10A1300001080D1002200D00000000122020202038
:10A14000202020202020202020202020202000004F
:10A1500000000000000000000000000000000000FF
:10A160000A05000A00000000190A00191012000078
:10A170000000000000000000010200030400FA0FCC
:10A1800000000000112332465078000064675F55DC
:10A1900050505050080000000000000011233246CB
:10A1A0005078000064675F55505050500F141E28BF
:10A1B000000000000A0A0A0A0A0A0A0A19467896E2
:10A1C000000000003746464646464646000000006E
:10A1D00006031E005F00E2FF1400B4008C00BC0206
:10A1E00000000000F8FF00005A001E00680128006F
:10A1F0000F000F001C023D011C0274040000CF027E
:10A2000000007106F4010000CF0200007106321454
:10A21000021E1E32020032003C00320032009E025A
:10A220003200400600000000D002200015000100AE
:10A23000170000002900430063008300A300C3004F
:10A24000E30004012401440164018501A501C50165
:10A25000E50105022502450266028502A102CF0240
:10A2600000000000000000000000000000000000EE
:10A2700000000000000000000000000000000000DE
:10A2800000000000000000000000000000000000CE
:10A2900000000000000000000000000000000000BE
:10A2A00000000000000000000000000000000000AE
:10A2B000000000000000000000000000000000009E
:10A2C000000000000000000000000000000000008E
:10A2D000000000000000000000000000000000007E
:10A2E000000000000000000000000000000000006E
:10A2F00000000000000000000000720620002300A3
:10A300000100250000002D0051007B00A500CF00BA
:10A31000F90024014E017901A501CF01F9012302C1
:10A320004E027802A202CC0201032D034D037703F3
:10A33000A103CC03F60321044A048404A004CB0443
:10A34000F5041E05490574059E05C105EF050000CD
:10A3500000000000000000000000000000000000FD
:10A3600000000000000000000000000000000000ED
:10A3700000000000000000000000000000000000DD
:10A3800000000000000000000000000000000000CD
:10A3900000000000000000000000000000000000BD
:10A3A00000000000000000000000000000000000AD
:10A3B000000000000000000000000000000000009D
:10A3C000000000000000000000000000000000008D
:10A3D00002012000A9330000F16C000084D90600BE
:10A3E00029B10100E4570000F91500000000000049
:10A3F000010102020202014B0F32000000000000C6
:10A40000010000000001010202020200A933000065
:10A41000020000000101020202020200409C000052
:10A420000000000014140A0A1800000000000000D8
:10A430001414141401010101010023001E00E8039B
:10A440000F0002000500E4574000143C280078008B
:10A450001900640064002800F00000007800F0009B
:10A460002003680100000000410A00000000000015
:10A47000FA00080D0F005A003700500006000A00CD
:10A480003C00320064000A02E8E8F800F80001022B
:10A4900001001900DB00ED00000114012901400159
:10A4A000580172018D01A901C801E8010A022D02BB
:10A4B00052027A02A302CE02FB022A035C038F033C
:10A4C000C503FD0336047304B104F10434057805B3
:10A4D000BF0508065306A006EF063F079207E607EA
:10A4E0003B089308EB084509A009FC09580AB60A7D
:10A4F000140B720BD10B2F0C8D0CEB0C490DA50D11
:10A50000010E5B0EB40E0C0F610FB50F0610551047
:10A51000A110EA1031117411B411F01128125D125A
:10A520008D12B912E112051324133E13541365134F
:10A53000711378137B13DB00ED0000011401290176
:10A540004001580172018D01A901C801E8010A0208
:10A550002D0252027A02A302CE02FB022A035C03FE
:10A560008F03C503FD0336047304B104F1043405FD
:10A570007805BF0508065306A006EF063F079207B9
:10A58000E6073B089308EB084509A009FC09580AAF
:10A59000B60A140B720BD10B2F0C8D0CEB0C490D62
:10A5A000A50D010E5B0EB40E0C0F610FB50F06105A
:10A5B0005510A110EA1031117411B411F0112812C4
:10A5C0005D128D12B912E112051324133E135413B8
:10A5D0006513711378137B13750081008E009B0047
:10A5E000AA00BB00CC00DF00F300090121013A0101
:10A5F000550172019101B201D501FA0122024C020A
:10A600007902A802D9020E0345037F03BB03FB03B3
:10A610003E048304CC0417056605B7050B066306E4
:10A62000BD061A077907DB074008A70810097C094F
:10A63000E909580AC80A3A0BAD0B200C950C090D14
:10A640007E0DF20D660ED90E4B0FBC0F2B1097101E
:10A6500002116911CE112F128D12E6123B138C13C9
:10A66000D8131F1461149D14D31404152E155215FC
:10A67000701587159815A215A515750081008E0017
:10A680009B00AA00BB00CC00DF00F3000901210100
:10A690003A01550172019101B201D501FA0122027C
:10A6A0004C027902A802D9020E0345037F03BB03C3
:10A6B000FB033E048304CC0417056605B7050B06AF
:10A6C0006306BD061A077907DB074008A7081009CB
:10A6D0007C09E909580AC80A3A0BAD0B200C950C05
:10A6E000090D7E0DF20D660ED90E4B0FBC0F2B100F
:10A6F000971002116911CE112F128D12E6123B1321
:10A700008C13D8131F1461149D14D31404152E1523
:10A710005215701587159815A215A51553005300ED
:10A720004E00500000000000010364006402640059
:10A730008200B400E60014000500000000000000E4
:10A740000000000000000000000000000000000009
:10A7500000000000000000000000000000000000F9
:10A7600000000000000000000000000000000000E9
:10A7700000000000000000000000000000000000D9
:10A7800000000000000000000000000000000000C9
:10A7900000000000000000000000000000000000B9
:10A7A00000000000000000000000000000000000A9
:10A7B0000000000000000000000000000000000099
:10A7C0000000000000000000000000000000000089
:10A7D0000000000000000000000000000000000079
:10A7E0000000000000000000000000000000000069
:10A7F0000000000000000000000000000000000059
:10A800000000000000000000000000000000000048
:10A810000000000000000000000000000000000038
:10A820000000000000000000000000000000000028
:10A830000000000000000000000000000000000018
:10A840000000000000000000000000000000000008
:10A8500000000000000000000000000000000000F8
:10A8600000000000000000000000000000000000E8
:10A8700000000000000000000000000000000000D8
:10A8800000000000000000000000000000000000C8
:10A8900000000000000000000000000000000000B8
:10A8A00000000000000000000000000000000000A8
:10A8B0000000000000000000000000000000000098
:10A8C0000000000000000000000000000000000088
:10A8D0000000000000000000000000000000000078
:10A8E0000000000000000000000000000000000068
:10A8F0000000000000000000000000000000000058
:10A900000000000000000000000000000000000047
:10A910000000000000000000000000000000000037
:10A920000000000000000000000000000000000027
:10A930000000000000000000000000000000000017
:10A940000000000000000000000000000000000007
:10A9500000000000000000000000000000000000F7
:10A9600000000000000000000000000000000000E7
:10A9700000000000000000000000000000000000D7
:10A9800000000000000000000000000000000000C7
:10A9900000000000000000000000000000000000B7
:10A9A00000000000000000000000000000000000A7
:10A9B0000000000000000000000000000000000097
:10A9C0000000000000000000000000000000000087
:10A9D0000000000000000000000000000000000077
:10A9E0000000000000000000000000000000000067
:10A9F0000000000000000000000000000000000057
:10AA00000000000000000000000000000000000046
:10AA10000000000000000000000000000000000036
:10AA20000000000000000000000000000000000026
:10AA30000000000000000000000000000000000016
:10AA40000000000000000000000000000000000006
:10AA500000000000000000000000000000000000F6
:10AA600000000000000000000000000000000000E6
:10AA700000000000000000000000000000000000D6
:10AA800000000000000000000000000000000000C6
:10AA900000000000000000000000000000000000B6
:10AAA00000000000000000000000000000000000A6
:10AAB0000000000000000000000000000000000096
:10AAC0000000000000000000000000000000000086
:10AAD0000000000000000000000000000000000076
:10AAE0000000000000000000000000000000000066
:10AAF0000000000000000000000000000000000056
:10AB00000000000000000000000000000000000045
:10AB10000000000000000000000000000000000035
:10AB20000000000000000000000000000000000025
:10AB30000000000000000000000000000000000015
:10AB40000000000000000000000000000000000005
:10AB500000000000000000000000000000000000F5
:10AB600000000000000000000000000000000000E5
:10AB700000000000000000000000000000000000D5
:10AB800000000000000000000000000000000000C5
:10AB900000000000000000000000000000000000B5
:10ABA00000000000000000000000000000000000A5
:10ABB0000000000000000000000000000000000095
:10ABC0000000000000000000000000000000000085
:10ABD0000000000000000000000000000000000075
:10ABE0000000000000000000000000000000000065
:10ABF0000000000000000000000000000000000055
:10AC00000000000000000000000000000000000044
:10AC10000000000000000000000000000000000034
:10AC20000000000000000000000000000000000024
:10AC30000000000000000000000000000000000014
:10AC40000000000000000000000000000000000004
:10AC500000000000000000000000000000000000F4
:10AC600000000000000000000000000000000000E4
:10AC700000000000000000000000000000000000D4
:10AC800000000000000000000000000000000000C4
:10AC900000000000000000000000000000000000B4
:10ACA00000000000000000000000000000000000A4
:10ACB0000000000000000000000000000000000094
:10ACC0000000000000000000000000000000000084
:10ACD0000000000000000000000000000000000074
:10ACE0000000000000000000000000000000000064
:10ACF0000000000000000000000000000000000054
:10AD00000000000000000000000000000000000043
:10AD10000000000000000000000000000000000033
:10AD20000000000000000000000000000000000023
:10AD30000000000000000000000000000000000013
:10AD40000000000000000000000000000000000003
:10AD500000000000000000000000000000000000F3
:10AD600000000000000000000000000000000000E3
:10AD700000000000000000000000000000000000D3
:10AD800000000000000000000000000000000000C3
:10AD900000000000000000000000000000000000B3
:10ADA00000000000000000000000000000000000A3
:10ADB0000000000000000000000000000000000093
:10ADC0000000000000000000000000000000000083
:10ADD0000000000000000000000000000000000073
:10ADE0000000000000000000000000000000000063
:10ADF0000000000000000000000000000000000053
:10AE00000000000000000000000000000000000042
:10AE10000000000000000000000000000000000032
:10AE20000000000000000000000000000000000022
:10AE30000000000000000000000000000000000012
:10AE40000000000000000000000000000000000002
:10AE500000000000000000000000000000000000F2
:10AE600000000000000000000000000000000000E2
:10AE700000000000000000000000000000000000D2
:10AE800000000000000000000000000000000000C2
:10AE900000000000000000000000000000000000B2
:10AEA00000000000000000000000000000000000A2
:10AEB0000000000000000000000000000000000092
:10AEC0000000000000000000000000000000000082
:10AED0000000000000000000000000000000000072
:10AEE0000000000000000000000000000000000062
:10AEF0000000000000000000000000000000000052
:10AF00000000000000000000000000000000000041
:10AF10000000000000000000000000000000000031
:10AF20000000000000000000000000000000000021
:10AF30000000000000000000000000000000000011
:10AF40000000000000000000000000000000000001
:10AF500000000000000000000000000000000000F1
:10AF600000000000000000000000000000000000E1
:10AF700000000000000000000000000000000000D1
:10AF800000000000000000000000000000000000C1
:10AF900000000000000000000000000000000000B1
:10AFA00000000000000000000000000000000000A1
:10AFB0000000000000000000000000000000000091
:10AFC0000000000000000000000000000000000081
:10AFD0000000000000000000000000000000000071
:10AFE0000000000000000000000000000000000061
:10AFF000000000000000000000000000004E565459
:10B00000000076420080BB440000C04000001641B2
:10B010000000064588000000880000000A000000CB
:10B020000000000000000000000000000000000020
:10B03000402490000000000020204801204E02071C
:10B0400041B4A812330042B4A812320043B4A8128B
:10B05000330044B4A812330045B4A8123300469418
:10B06000A812330048B4A81232000000000000000B
:10B0700000000000000000000000000000000000D0
:10B0800000000000000000000000000000000000C0
:10B0900000000000000000000000000000000000B0
:10B0A00000000000000000000000000000000000A0
:10B0B0000000000000000000000000000000091473
:10B0C0000000000000000000000000000000000080
:10B0D0000000000000000000000000000000000070
:10B0E0000000000000000000000000000000000060
:10B0F0000000000000000000000000000000000050
:10B10000000000000000000000000000000000003F
:10B11000000000000000000000000000000000002F
:10B12000000000000000000000000000000000001F
:10B13000000000000000000000000000000000000F
:10B1400000000000000000000000000000000000FF
:10B1500000000000000000000000000000000000EF
:10B1600000000000000000000000000000000000DF
:10B1700000000000000000000000000000000000CF
:10B1800000000000000000000000000000000000BF
:10B1900000000000000000000000000000000000AF
:10B1A000000000000000000000000000000000009F
:10B1B000000000000000000000000000000000008F
:10B1C000000000000000000000000000000000007F
:10B1D000000000000000000000000000000000006F
:10B1E000000000000000000000000000000000005F
:10B1F000000000000000000000000000000000004F
:10B20000000000000000000000000000000000003E
:10B21000000000000000000000000000000000002E
:10B22000000000000000000000000000000000001E
:10B23000000000000000000000000000000000000E
:10B2400000000000000000000000000000000000FE
:10B2500000000000000000000000000000000000EE
:10B2600000000000000000000000000000000000DE
:10B2700000000000000000000000000000000000CE
:10B2800000000000000000000000000000000000BE
:10B2900000000000000000000000000000000000AE
:10B2A000000000000000000000000000000000009E
:10B2B000000000000000000000000000000000008E
:10B2C000000000000000000000000000000000007E
:10B2D000000000000000000000000000000000006E
:10B2E000000000000000000000000000000000005E
:10B2F000000000000000000000000000000000004E
:10B30000000000000000000000000000000000003D
:10B31000000000000000000000000000000000002D
:10B32000000000000000000000000000000000001D
:10B33000000000000000000000000000000000000D
:10B3400000000000000000000000000000000000FD
:10B3500000000000000000000000000000000000ED
:10B3600000000000000000000000000000000000DD
:10B3700000000000000000000000000000000000CD
:10B3800000000000000000000000000000000000BD
:10B3900000000000000000000000000000000000AD
:10B3A000000000000000000000000000000000009D
:10B3B000000000000000000000000000000000008D
:10B3C000000000000000000000000000000000007D
:10B3D000000000000000000000000000000000006D
:10B3E000000000000000000000000000000000005D
:10B3F000000000000000000000000000000000004D
:10B40000000000000000000000000000000000003C
:10B41000000000000000000000000000000000002C
:10B42000000000000000000000000000000000001C
:10B43000000000000000000000000000000000000C
:10B4400000000000000000000000000000000000FC
:10B4500000000000000000000000000000000000EC
:10B4600000000000000000000000000000000000DC
:10B4700000000000000000000000000000000000CC
:10B4800000000000000000000000000000000000BC
:10B4900000000000000000000000000000000000AC
:10B4A000000000000000000000000000000000009C
:10B4B000000000000000000000000000000000008C
:10B4C000000000000000000000000000000000007C
:10B4D000000000000000000000000000000000006C
:10B4E000000000000000000000000000000000005C
:10B4F000000000000000000000000000000000004C
:10B50000000000000000000000000000000000003B
:10B51000000000000000000000000000000000002B
:10B52000000000000000000000000000000000001B
:10B53000000000000000000000000000000000000B
:10B5400000000000000000000000000000000000FB
:10B5500000000000000000000000000000000000EB
:10B5600000000000000000000000000000000000DB
:10B5700000000000000000000000000000000000CB
:10B5800000000000000000000000000000000000BB
:10B5900000000000000000000000000000000000AB
:10B5A000000000000000000000000000000000009B
:10B5B000000000000000000000000000000000008B
:10B5C000000000000000000000000000000000007B
:10B5D000000000000000000000000000000000006B
:10B5E000000000000000000000000000000000005B
:10B5F000000000000000000000000000000000004B
:10B60000000000000000000000000000000000003A
:10B61000000000000000000000000000000000002A
:10B62000000000000000000000000000000000001A
:10B63000000000000000000000000000000000000A
:10B6400000000000000000000000000000000000FA
:10B6500000000000000000000000000000000000EA
:10B6600000000000000000000000000000000000DA
:10B6700000000000000000000000000000000000CA
:10B6800000000000000000000000000000000000BA
:10B6900000000000000000000000000000000000AA
:10B6A000000000000000000000000000000000009A
:10B6B000000000000000000000000000000000008A
:10B6C000000000000000000000000000000000007A
:10B6D000000000000000000000000000000000006A
:10B6E000000000000000000000000000000000005A
:10B6F000000000000000000000000000000000004A
:10B700000000000000000000000000000000000039
:10B710000000000000000000000000000000000029
:10B720000000000000000000000000000000000019
:10B730000000000000000000000000000000000009
:10B7400000000000000000000000000000000000F9
:10B7500000000000000000000000000000000000E9
:10B7600000000000000000000000000000000000D9
:10B7700000000000000000000000000000000000C9
:10B7800000000000000000000000000000000000B9
:10B7900000000000000000000000000000000000A9
:10B7A0000000000000000000000000000000000099
:10B7B0000000000000000000000000000000000089
:10B7C0000000000000000000000000000000000079
:10B7D0000000000000000000000000000000000069
:10B7E0000000000000000000000000000000000059
:10B7F0000000000000000000000000000000000049
:10B800000000000000000000000000000000000038
:10B810000000000000000000000000000000000028
:10B820000000000000000000000000000000000018
:10B830000000000000000000000000000000000008
:10B8400000000000000000000000000000000000F8
:10B8500000000000000000000000000000000000E8
:10B8600000000000000000000000000000000000D8
:10B8700000000000000000000000000000000000C8
:10B8800000000000000000000000000000000000B8
:10B8900000000000000000000000000000000000A8
:10B8A0000000000000000000000000000000000098
:10B8B0000000000000000000000000000000000088
:10B8C0000000000000000000000000000000000078
:10B8D0000000000000000000000000000000000068
:10B8E0000000000000000000000000000000000058
:10B8F0000000000000000000000000000000000048
:10B900000000000000000000000000000000000037
:10B910000000000000000000000000000000000027
:10B920000000000000000000000000000000000017
:10B930000000000000000000000000000000000007
:10B9400000000000000000000000000000000000F7
:10B9500000000000000000000000000000000000E7
:10B9600000000000000000000000000000000000D7
:10B9700000000000000000000000000000000000C7
:10B9800000000000000000000000000000000000B7
:10B9900000000000000000000000000000000000A7
:10B9A0000000000000000000000000000000000097
:10B9B0000000000000000000000000000000000087
:10B9C0000000000000000000000000000000000077
:10B9D0000000000000000000000000000000000067
:10B9E0000000000000000000000000000000000057
:10B9F0000000000000000000000000000000000047
:10BA00000000000000000000000000000000000036
:10BA10000000000000000000000000000000000026
:10BA20000000000000000000000000000000000016
:10BA30000000000000000000000000000000000006
:10BA400000000000000000000000000000000000F6
:10BA500000000000000000000000000000000000E6
:10BA600000000000000000000000000000000000D6
:10BA700000000000000000000000000000000000C6
:10BA800000000000000000000000000000000000B6
:10BA900000000000000000000000000000000000A6
:10BAA0000000000000000000000000000000000096
:10BAB0000000000000000000000000000000000086
:10BAC0000000000000000000000000000000000076
:10BAD0000000000000000000000000000000000066
:10BAE0000000000000000000000000000000000056
:10BAF0000000000000000000000000000000000046
:10BB00000000000000000000000000000000000035
:10BB10000000000000000000000000000000000025
:10BB20000000000000000000000000000000000015
:10BB30000000000000000000000000000000000005
:10BB400000000000000000000000000000000000F5
:10BB500000000000000000000000000000000000E5
:10BB600000000000000000000000000000000000D5
:10BB700000000000000000000000000000000000C5
:10BB800000000000000000000000000000000000B5
:10BB900000000000000000000000000000000000A5
:10BBA0000000000000000000000000000000000095
:10BBB0000000000000000000000000000000000085
:10BBC0000000000000000000000000000000000075
:10BBD0000000000000000000000000000000000065
:10BBE0000000000000000000000000000000000055
:10BBF0000000000000000000000000000000000045
:10BC00000000000000000000000000000000000034
:10BC10000000000000000000000000000000000024
:10BC20000000000000000000000000000000000014
:10BC30000000000000000000000000000000000004
:10BC400000000000000000000000000000000000F4
:10BC500000000000000000000000000000000000E4
:10BC600000000000000000000000000000000000D4
:10BC700000000000000000000000000000000000C4
:10BC800000000000000000000000000000000000B4
:10BC900000000000000000000000000000000000A4
:10BCA0000000000000000000000000000000000094
:10BCB0000000000000000000000000000000000084
:10BCC0000000000000000000000000000000000074
:10BCD0000000000000000000000000000000000064
:10BCE0000000000000000000000000000000000054
:10BCF0000000000000000000000000000000000044
:10BD00000000000000000000000000000000000033
:10BD10000000000000000000000000000000000023
:10BD20000000000000000000000000000000000013
:10BD30000000000000000000000000000000000003
:10BD400000000000000000000000000000000000F3
:10BD500000000000000000000000000000000000E3
:10BD600000000000000000000000000000000000D3
:10BD700000000000000000000000000000000000C3
:10BD800000000000000000000000000000000000B3
:10BD900000000000000000000000000000000000A3
:10BDA0000000000000000000000000000000000093
:10BDB0000000000000000000000000000000000083
:10BDC0000000000000000000000000000000000073
:10BDD0000000000000000000000000000000000063
:10BDE0000000000000000000000000000000000053
:10BDF0000000000000000000000000000000000043
:10BE00000000000000000000000000000000000032
:10BE10000000000000000000000000000000000022
:10BE20000000000000000000000000000000000012
:10BE30000000000000000000000000000000000002
:10BE400000000000000000000000000000000000F2
:10BE500000000000000000000000000000000000E2
:10BE600000000000000000000000000000000000D2
:10BE700000000000000000000000000000000000C2
:10BE800000000000000000000000000000000000B2
:10BE900000000000000000000000000000000000A2
:10BEA0000000000000000000000000000000000092
:10BEB0000000000000000000000000000000000082
:10BEC0000000000000000000000000000000000072
:10BED0000000000000000000000000000000000062
:10BEE0000000000000000000000000000000000052
:10BEF0000000000000000000000000000000000042
:10BF00000000000000000000000000000000000031
:10BF10000000000000000000000000000000000021
:10BF20000000000000000000000000000000000011
:10BF30000000000000000000000000000000000001
:10BF400000000000000000000000000000000000F1
:10BF500000000000000000000000000000000000E1
:10BF600000000000000000000000000000000000D1
:10BF700000000000000000000000000000000000C1
:10BF800000000000000000000000000000000000B1
:10BF900000000000000000000000000000000000A1
:10BFA0000000000000000000000000000000000091
:10BFB0000000000000000000000000000000000081
:10BFC0000000000000000000000000000000000071
:10BFD0000000000000000000000000000000000061
:10BFE0000000000000000000000000000000000051
:10BFF0000000000000000000000000000000000041
:10C000000000000000000000000000000000000030
:10C010000000000000000000000000000000000020
:10C020000000000000000000000000000000000010
:10C030000000000000000000000000000000000000
:10C0400000000000000000000000000000000000F0
:10C0500000000000000000000000000000000000E0
:10C0600000000000000000000000000000000000D0
:10C0700000000000000000000000000000000000C0
:10C0800000000000000000000000000000000000B0
:10C0900000000000000000000000000000000000A0
:10C0A0000000000000000000000000000000000090
:10C0B0000000000000000000000000000000000080
:10C0C0000000000000000000000000000000000070
:10C0D0000000000000000000000000000000000060
:10C0E0000000000000000000000000000000000050
:10C0F0000000000000000000000000000000000040
:10C10000000000000000000000000000000000002F
:10C11000000000000000000000000000000000001F
:10C12000000000000000000000000000000000000F
:10C1300000000000000000000000000000000000FF
:10C1400000000000000000000000000000000000EF
:10C1500000000000000000000000000000000000DF
:10C1600000000000000000000000000000000000CF
:10C1700000000000000000000000000000000000BF
:10C1800000000000000000000000000000000000AF
:10C19000000000000000000000000000000000009F
:10C1A000000000000000000000000000000000008F
:10C1B000000000000000000000000000000000007F
:10C1C000000000000000000000000000000000006F
:10C1D000000000000000000000000000000000005F
:10C1E000000000000000000000000000000000004F
:10C1F000000000000000000000000000000000003F
:10C20000000000000000000000000000000000002E
:10C21000000000000000000000000000000000001E
:10C22000000000000000000000000000000000000E
:10C2300000000000000000000000000000000000FE
:10C2400000000000000000000000000000000000EE
:10C2500000000000000000000000000000000000DE
:10C2600000000000000000000000000000000000CE
:10C2700000000000000000000000000000000000BE
:10C2800000000000000000000000000000000000AE
:10C29000000000000000000000000000000000009E
:10C2A000000000000000000000000000000000008E
:10C2B000000000000000000000000000000000007E
:10C2C000000000000000000000000000000000006E
:10C2D000000000000000000000000000000000005E
:10C2E000000000000000000000000000000000004E
:10C2F000000000000000000000000000000000003E
:10C30000000000000000000000000000000000002D
:10C31000000000000000000000000000000000001D
:10C32000000000000000000000000000000000000D
:10C3300000000000000000000000000000000000FD
:10C3400000000000000000000000000000000000ED
:10C3500000000000000000000000000000000000DD
:10C3600000000000000000000000000000000000CD
:10C3700000000000000000000000000000000000BD
:10C3800000000000000000000000000000000000AD
:10C39000000000000000000000000000000000009D
:10C3A000000000000000000000000000000000008D
:10C3B000000000000000000000000000000000007D
:10C3C000000000000000000000000000000000006D
:10C3D000000000000000000000000000000000005D
:10C3E000000000000000000000000000000000004D
:10C3F000000000000000000000000000000000003D
:10C40000000000000000000000000000000000002C
:10C41000000000000000000000000000000000001C
:10C42000000000000000000000000000000000000C
:10C4300000000000000000000000000000000000FC
:10C4400000000000000000000000000000000000EC
:10C4500000000000000000000000000000000000DC
:10C4600000000000000000000000000000000000CC
:10C4700000000000000000000000000000000000BC
:10C4800000000000000000000000000000000000AC
:10C49000000000000000000000000000000000009C
:10C4A000000000000000000000000000000000008C
:10C4B000000000000000000000000000000000007C
:10C4C000000000000000000000000000000000006C
:10C4D000000000000000000000000000000000005C
:10C4E000000000000000000000000000000000004C
:10C4F000000000000000000000000000000000003C
:10C50000000000000000000000000000000000002B
:10C51000000000000000000000000000000000001B
:10C52000000000000000000000000000000000000B
:10C5300000000000000000000000000000000000FB
:10C5400000000000000000000000000000000000EB
:10C5500000000000000000000000000000000000DB
:10C5600000000000000000000000000000000000CB
:10C5700000000000000000000000000000000000BB
:10C5800000000000000000000000000000000000AB
:10C59000000000000000000000000000000000009B
:10C5A000000000000000000000000000000000008B
:10C5B000000000000000000000000000000000007B
:10C5C000000000000000000000000000000000006B
:10C5D000000000000000000000000000000000005B
:10C5E000000000000000000000000000000000004B
:10C5F000000000000000000000000000000000003B
:10C60000000000000000000000000000000000002A
:10C61000000000000000000000000000000000001A
:10C62000000000000000000000000000000000000A
:10C6300000000000000000000000000000000000FA
:10C6400000000000000000000000000000000000EA
:10C6500000000000000000000000000000000000DA
:10C6600000000000000000000000000000000000CA
:10C6700000000000000000000000000000000000BA
:10C6800000000000000000000000000000000000AA
:10C69000000000000000000000000000000000009A
:10C6A000000000000000000000000000000000008A
:10C6B000000000000000000000000000000000007A
:10C6C000000000000000000000000000000000006A
:10C6D000000000000000000000000000000000005A
:10C6E000000000000000000000000000000000004A
:10C6F000000000000000000000000000000000003A
:10C700000000000000000000000000000000000029
:10C710000000000000000000000000000000000019
:10C720000000000000000000000000000000000009
:10C7300000000000000000000000000000000000F9
:10C7400000000000000000000000000000000000E9
:10C7500000000000000000000000000000000000D9
:10C7600000000000000000000000000000000000C9
:10C7700000000000000000000000000000000000B9
:10C7800000000000000000000000000000000000A9
:10C790000000000000000000000000000000000099
:10C7A0000000000000000000000000000000000089
:10C7B0000000000000000000000000000000000079
:10C7C0000000000000000000000000000000000069
:10C7D0000000000000000000000000000000000059
:10C7E0000000000000000000000000000000000049
:10C7F0000000000000000000000000000000000039
:10C800000000000000000000000000000000000028
:10C810000000000000000000000000000000000018
:10C820000000000000000000000000000000000008
:10C8300000000000000000000000000000000000F8
:10C8400000000000000000000000000000000000E8
:10C8500000000000000000000000000000000000D8
:10C8600000000000000000000000000000000000C8
:10C8700000000000000000000000000000000000B8
:10C8800000000000000000000000000000000000A8
:10C890000000000000000000000000000000000098
:10C8A0000000000000000000000000000000000088
:10C8B0000000000000000000000000000000000078
:10C8C0000000000000000000000000000000000068
:10C8D0000000000000000000000000000000000058
:10C8E0000000000000000000000000000000000048
:10C8F0000000000000000000000000000000000038
:10C900000000000000000000000000000000000027
:10C910000000000000000000000000000000000017
:10C920000000000000000000000000000000000007
:10C9300000000000000000000000000000000000F7
:10C9400000000000000000000000000000000000E7
:10C9500000000000000000000000000000000000D7
:10C9600000000000000000000000000000000000C7
:10C9700000000000000000000000000000000000B7
:10C9800000000000000000000000000000000000A7
:10C990000000000000000000000000000000000097
:10C9A0000000000000000000000000000000000087
:10C9B0000000000000000000000000000000000077
:10C9C0000000000000000000000000000000000067
:10C9D0000000000000000000000000000000000057
:10C9E0000000000000000000000000000000000047
:10C9F0000000000000000000000000000000000037
:10CA00000000000000000000000000000000000026
:10CA10000000000000000000000000000000000016
:10CA20000000000000000000000000000000000006
:10CA300000000000000000000000000000000000F6
:10CA400000000000000000000000000000000000E6
:10CA500000000000000000000000000000000000D6
:10CA600000000000000000000000000000000000C6
:10CA700000000000000000000000000000000000B6
:10CA800000000000000000000000000000000000A6
:10CA90000000000000000000000000000000000096
:10CAA0000000000000000000000000000000000086
:10CAB0000000000000000000000000000000000076
:10CAC0000000000000000000000000000000000066
:10CAD0000000000000000000000000000000000056
:10CAE0000000000000000000000000000000000046
:10CAF0000000000000000000000000000000000036
:10CB00000000000000000000000000000000000025
:10CB10000000000000000000000000000000000015
:10CB20000000000000000000000000000000000005
:10CB300000000000000000000000000000000000F5
:10CB400000000000000000000000000000000000E5
:10CB500000000000000000000000000000000000D5
:10CB600000000000000000000000000000000000C5
:10CB700000000000000000000000000000000000B5
:10CB800000000000000000000000000000000000A5
:10CB90000000000000000000000000000000000095
:10CBA0000000000000000000000000000000000085
:10CBB0000000000000000000000000000000000075
:10CBC0000000000000000000000000000000000065
:10CBD0000000000000000000000000000000000055
:10CBE0000000000000000000000000000000000045
:10CBF0000000000000000000000000000000000035
:10CC00000000000000000000000000000000000024
:10CC10000000000000000000000000000000000014
:10CC20000000000000000000000000000000000004
:10CC300000000000000000000000000000000000F4
:10CC400000000000000000000000000000000000E4
:10CC500000000000000000000000000000000000D4
:10CC600000000000000000000000000000000000C4
:10CC700000000000000000000000000000000000B4
:10CC800000000000000000000000000000000000A4
:10CC90000000000000000000000000000000000094
:10CCA0000000000000000000000000000000000084
:10CCB0000000000000000000000000000000000074
:10CCC0000000000000000000000000000000000064
:10CCD0000000000000000000000000000000000054
:10CCE0000000000000000000000000000000000044
:10CCF0000000000000000000000000000000000034
:10CD00000000000000000000000000000000000023
:10CD10000000000000000000000000000000000013
:10CD20000000000000000000000000000000000003
:10CD300000000000000000000000000000000000F3
:10CD400000000000000000000000000000000000E3
:10CD500000000000000000000000000000000000D3
:10CD600000000000000000000000000000000000C3
:10CD700000000000000000000000000000000000B3
:10CD800000000000000000000000000000000000A3
:10CD90000000000000000000000000000000000093
:10CDA0000000000000000000000000000000000083
:10CDB0000000000000000000000000000000000073
:10CDC0000000000000000000000000000000000063
:10CDD0000000000000000000000000000000000053
:10CDE0000000000000000000000000000000000043
:10CDF0000000000000000000000000000000000033
:10CE00000000000000000000000000000000000022
:10CE10000000000000000000000000000000000012
:10CE20000000000000000000000000000000000002
:10CE300000000000000000000000000000000000F2
:10CE400000000000000000000000000000000000E2
:10CE500000000000000000000000000000000000D2
:10CE600000000000000000000000000000000000C2
:10CE700000000000000000000000000000000000B2
:10CE800000000000000000000000000000000000A2
:10CE90000000000000000000000000000000000092
:10CEA0000000000000000000000000000000000082
:10CEB0000000000000000000000000000000000072
:10CEC0000000000000000000000000000000000062
:10CED0000000000000000000000000000000000052
:10CEE0000000000000000000000000000000000042
:10CEF0000000000000000000000000000000000032
:10CF00000000000000000000000000000000000021
:10CF10000000000000000000000000000000000011
:10CF20000000000000000000000000000000000001
:10CF300000000000000000000000000000000000F1
:10CF400000000000000000000000000000000000E1
:10CF500000000000000000000000000000000000D1
:10CF600000000000000000000000000000000000C1
:10CF700000000000000000000000000000000000B1
:10CF800000000000000000000000000000000000A1
:10CF90000000000000000000000000000000000091
:10CFA0000000000000000000000000000000000081
:10CFB0000000000000000000000000000000000071
:10CFC0000000000000000000000000000000000061
:10CFD0000000000000000000000000000000000051
:10CFE0000000000000000000000000000000000041
:10CFF0000000000000000000000000000000000031
:0400000500000000F7
:00000001FF
